:020000040000fa
:020000041fc01b
:042ff000ffffff38a8
:020000040000fa
:020000041fc01b
:042ff400d979f8ff90
:020000040000fa
:020000041fc01b
:042ff8005bcd74ff3a
:020000040000fa
:020000041fc01b
:042ffc00feffff7f56
:020000040000fa
:020000041fc01b
:100000000200f00f0000000000601a40c0045a7f98
:100010000500401300000000019d1a3ce03b5a27f8
:10002000080040030000000002a01d3cf0ffbd27b7
:1000300000a01c3cf07f9c27026009402058200152
:10004000801e2a7d8449497d02608940c0000000ed
:1000500000e0dc4102608b40c0000000019d083cd4
:100060004c40082509f800010000000000a0083cf1
:100070000c00082500a0093c1008292503000010e9
:1000800000000000000000ad040008252b08090155
:10009000fcff201400000000019d083c54180825b6
:1000a00009f80001000000000000093c00002925bb
:1000b00010002011000000000200093c000029256a
:1000c00088bf0a3c10204a25000049ad0200093cc7
:1000d0000000292588bf0a3c20204a25000049ada0
:1000e0000200093c0000292588bf0a3c30204a252f
:1000f000000049ad00488040ffff0a2400588a40b4
:100100004000083c00600a4025500a0100608a4017
:10011000c09f093c00102925c000000001788940db
:100120000000093c0100292500000a2444492a7dd9
:1001300001608a408000093c0068894000800840d6
:100140008005097d404c0900006008405800013cd2
:10015000244001012540280100608840c0000000c3
:10016000019d083c5440082509f8000100000000ea
:1001700000600840bfff013cffff21342440010123
:1001800000608840000084300000a530019d083cdc
:0c019000a82a082508000001000000005b
:020000040000fa
:020000041fc01b
:10038000019d1a3c042e5a2708004003000000007b
:020000040000fa
:020000041fc01b
:10118000019d1a3c80fd5a27080040030000000022
:020000040000fa
:020000041fc01b
:08120000934b400b00000000bd
:020000040000fa
:020000041fc01b
:08122000934b400b000000009d
:020000040000fa
:020000041fc01b
:08124000934b400b000000007d
:020000040000fa
:020000041fc01b
:08126000934b400b000000005d
:020000040000fa
:020000041fc01b
:08128000bf35400b0000000027
:020000040000fa
:020000041fc01b
:0812a000934b400b000000001d
:020000040000fa
:020000041fc01b
:0812c000934b400b00000000fd
:020000040000fa
:020000041fc01b
:0812e000934b400b00000000dd
:020000040000fa
:020000041fc01b
:08130000934b400b00000000bc
:020000040000fa
:020000041fc01b
:08132000934b400b000000009c
:020000040000fa
:020000041fc01b
:08134000934b400b000000007c
:020000040000fa
:020000041fc01b
:08136000934b400b000000005c
:020000040000fa
:020000041fc01b
:081380001137400b00000000d2
:020000040000fa
:020000041fc01b
:0813a000934b400b000000001c
:020000040000fa
:020000041fc01b
:0813c000934b400b00000000fc
:020000040000fa
:020000041fc01b
:0813e000934b400b00000000dc
:020000040000fa
:020000041fc01b
:08140000934b400b00000000bb
:020000040000fa
:020000041fc01b
:08142000934b400b000000009b
:020000040000fa
:020000041fc01b
:08144000934b400b000000007b
:020000040000fa
:020000041fc01b
:08146000934b400b000000005b
:020000040000fa
:020000041fc01b
:08148000934b400b000000003b
:020000040000fa
:020000041fc01b
:0814a000934b400b000000001b
:020000040000fa
:020000041fc01b
:0814c000934b400b00000000fb
:020000040000fa
:020000041fc01b
:0814e000934b400b00000000db
:020000040000fa
:020000041fc01b
:08150000934b400b00000000ba
:020000040000fa
:020000041fc01b
:08152000934b400b000000009a
:020000040000fa
:020000041fc01b
:08154000934b400b000000007a
:020000040000fa
:020000041fc01b
:08156000934b400b000000005a
:020000040000fa
:020000041fc01b
:08158000934b400b000000003a
:020000040000fa
:020000041fc01b
:0815a000934b400b000000001a
:020000040000fa
:020000041fc01b
:0815c000934b400b00000000fa
:020000040000fa
:020000041fc01b
:0815e000934b400b00000000da
:020000040000fa
:020000041fc01b
:08160000934b400b00000000b9
:020000040000fa
:020000041fc01b
:08162000934b400b0000000099
:020000040000fa
:020000041fc01b
:08164000934b400b0000000079
:020000040000fa
:020000041fc01b
:08166000934b400b0000000059
:020000040000fa
:020000041fc01b
:08168000934b400b0000000039
:020000040000fa
:020000041fc01b
:0816a000934b400b0000000019
:020000040000fa
:020000041fc01b
:0816c000934b400b00000000f9
:020000040000fa
:020000041fc01b
:0816e000934b400b00000000d9
:020000040000fa
:020000041fc01b
:08170000934b400b00000000b8
:020000040000fa
:020000041fc01b
:08172000934b400b0000000098
:020000040000fa
:020000041fc01b
:08174000934b400b0000000078
:020000040000fa
:020000041fc01b
:08176000934b400b0000000058
:020000040000fa
:020000041fc01b
:08178000934b400b0000000038
:020000040000fa
:020000041fc01b
:0817a0001536400b00000000ab
:020000040000fa
:020000041fc01b
:0817c000934b400b00000000f8
:020000040000fa
:020000041fc01b
:0817e000934b400b00000000d8
:020000040000fa
:020000041fc01b
:08180000934b400b00000000b7
:020000040000fa
:020000041fc01b
:08182000934b400b0000000097
:020000040000fa
:020000041fc01b
:08184000934b400b0000000077
:020000040000fa
:020000041fc01b
:08186000934b400b0000000057
:020000040000fa
:020000041fc01b
:1004800000f89b40c0000000019d1b3c942e7b2780
:10049000020060130000000000c09b4000f81b40f9
:0c04a000c00000001f000042000000002f
:020000040000fa
:020000041d00dd
:1000000098ffbd276400bfaf6000beaf5c00b7af14
:100010005800b6af5400b5af5000b4af4c00b3af0a
:100020004800b2af4400b1af4000b0af21f0800053
:100030002188a0007000a6af3000a0af3400a0afb0
:10004000218000000000248201003226de008010a2
:100050001600a4a325000224e80082140200222630
:1000600021a80000009d033c98006524ffff488004
:10007000e0ff0325ff0063301100642c1f00801097
:10008000ffff5124801803002118a3000000638c97
:100090000800600000000000bc03009dfc00009d03
:1000a000fc00009db003009dfc00009dfc00009d35
:1000b000fc00009dfc00009dfc00009dfc00009ddc
:1000c000fc00009da403009dfc00009d9803009d82
:1000d000fc00009dfc00009ddc00009d0400b53686
:1000e00001004224ffff4880e0ff0325ff0063304a
:1000f0001100642ce3ff8014ffff5124019d043c98
:1001000085ee86242110c800000042900200a4322f
:10011000feffa3320ba864000800a432fbffa33249
:100120000400423021282002bb0040100ba86400cc
:10013000212800015000400b2140000021284000f0
:10014000010031260000228240380800c02008004b
:100150002118c200000063902140e4002140050105
:1001600004006330f5ff6014d0ff08252e0003243f
:10017000b0004350010022820010b53621a00000db
:10018000009d053cb401a52410000724008006242e
:10019000ff0043307900642cc40280100100312636
:1001a000801803002118a3000000638c0800600081
:1001b00000000000c803009dac0c009dac0c009d2d
:1001c000ac0c009dac0c009dac0c009dac0c009ddb
:1001d000ac0c009dac0c009dac0c009dac0c009dcb
:1001e000ac0c009dac0c009dac0c009dac0c009dbb
:1001f000ac0c009dac0c009dac0c009dac0c009dab
:10020000ac0c009dac0c009dac0c009dac0c009d9a
:10021000ac0c009dac0c009dac0c009dac0c009d8a
:10022000ac0c009dac0c009dac0c009dac0c009d7a
:10023000ac0c009dac0c009dac0c009dac0c009d6a
:10024000ac0c009dac0c009dac0c009dac0c009d5a
:10025000ac0c009dac0c009dac0c009dac0c009d4a
:10026000ac0c009dac0c009dac0c009dac0c009d3a
:10027000ac0c009dac0c009dac0c009dac0c009d2a
:10028000ac0c009dac0c009dac0c009dac0c009d1a
:10029000ac0c009dac0c009dac0c009dac0c009d0a
:1002a000ac0c009dac0c009dac0c009dac0c009dfa
:1002b000ac0c009dac0c009dac0c009dac0c009dea
:1002c000ac0c009dac0c009d700c009dac0c009d16
:1002d0005c0c009dac0c009dac0c009dac0c009d1a
:1002e000ac0c009d840c009dac0c009dac0c009de2
:1002f000ac0c009dac0c009dac0c009dac0c009daa
:10030000ac0c009dac0c009dac0c009dac0c009d99
:10031000ac0c009d200c009dac0c009dac0c009d15
:10032000ac0c009dac0c009dac0c009dac0c009d79
:10033000ac0c009dac0c009dac0c009dac0c009d69
:10034000c40b009dbc0b009d3c0c009d2c0c009d23
:100350004c0c009dac0c009dbc0b009dac0c009d9a
:10036000ac0c009d840c009dac0c009dac0c009d61
:10037000ac0b009d200c009dac0c009dac0c009db6
:10038000b40a009dac0c009d4009009dac0c009d82
:10039000ac0c009da804009d0800b5363900400b48
:1003a000010042240200b5363900400b010042240e
:1003b0000008b5363900400b010042240100b53673
:1003c0003900400b01004224211000026400bf8f5d
:1003d0006000be8f5c00b78f5800b68f5400b58f99
:1003e0005000b48f4c00b38f4800b28f4400b18fdf
:1003f0004000b08f0800e0036800bd276237400f5f
:100400002128c003ffff03240eff43102188400270
:100410001100400b010010262a0002241b000211cb
:100420002e0003242110000153ff4314214000003b
:10043000010022822a0003249b0543100040b536a8
:100440002118c200000063900100312604006330cf
:100450004bff601021a0000040181400c0a0140041
:100460000100312621a0740021a082020000228216
:100470002118c2000000639004006330f6ff60148e
:10048000d0ff94266100400b009d053c7000a78fb3
:100490000000e88c010031260100a2800400e7245e
:1004a0005b00400b7000a7af780002241600a2a3e7
:1004b0008000b5360007a23228014010c000a232e9
:1004c0000010a4321000a23206000324fd034010e5
:1004d0000ba064007000a38f070062240410027c4c
:1004e000080044247000a4af0000458c1800a5af9c
:1004f0000400578c1800a38f212060002128e002ff
:1005000021300000213800002f39400f3c00a8aff7
:10051000fd0340043c00a88f1800a38f2120600039
:100520002128e00221300000213800001000a0af97
:100530002f39400f3c00a8af000440143c00a88fa6
:100540001c00a0af0001a2321a0240140002a23225
:10055000130240141c00a38f1900822a02064014c3
:10056000ff0084321c00a78f0a00e2281700401009
:10057000019d023c1800a38f212060002128e00289
:1005800021300000213800002f39400f3c00a8af77
:100590003c00a88fdd0540101800a38f21206000cb
:1005a000b646400f2128e0022190400021b06000b3
:1005b00025104300dc0540143c00a88f1c00a38fcd
:1005c00002006228d8054014019d023c70f4468c5c
:1005d00074f4478c3000a48f3400a58f2f39400f5e
:1005e0003c00a8afb40541043c00a88f1c00a48fb8
:1005f000edff89241000a9af212020013c00a8af05
:10060000762c400f3800a9af3000a2af3400a3af62
:100610001800a48f3000a68f3400a78f9e13400fc0
:100620002128e00221204000b646400f212860002a
:100630002190400021b060002000a0af2400a0afb6
:100640003c00a88f3800a98f3606c0120a00422e3f
:10065000019d033cc0f363240200022402000a242b
:1006600014000724212040010400658c2b58c5028a
:100670006f056015213040006a05b6500000658c9a
:1006800001004424211080002024047cf6ff47143c
:10069000080063241600a4a3140006240008a23254
:1006a00021308602ffff53302148c90025109302f4
:1006b00023b809012b1002000300a33223b8e20281
:1006c0002b1803000400a2323b05401023b8e302bc
:1006d0000200a232890540100100a2320100a432ba
:1006e0002d0002242b0003240a1064002120400066
:1006f0006237400f2128c003271002002b10020090
:10070000218002020a00e05a0800b53230000424b9
:100710006237400f2128c003271002002b1002006f
:10072000fffff726f9ffe016218002020800b5322c
:10073000ffffb5321800b5af019d153ce301400b3a
:10074000b0f3b526c01803002118a3020000668c80
:100750000400678c21204002e515400f2128c002cb
:1007600021204000212860000a000624cc14400ffc
:1007700021380000300044246237400f2128c00394
:10078000271002002b100200218002021600a28313
:10079000ffff4324201c037ceaff40141600a3a3a0
:1007a0001000a28f0c0040181300822a300004248d
:1007b0006237400f2128c003271002002b180200c7
:1007c0001000a28fffff422421800302f7ff401c8c
:1007d0001000a2af1300822a9b0540142014147c41
:1007e000120002241600a2a3eeff94262e00042479
:1007f0006237400f2128c003ffff0324020043108b
:100800001600b58301001026762c400f2120a0028f
:1008100021204000212860002000a68f0422400fe4
:100820002400a78f21204000b646400f21286000f9
:1008300021404000ffffa2262014027c2700a012c6
:100840001600a2a3019d123cb0f3522621a8e0029b
:1008500021b0000121b86000c01002002110420246
:100860000000468c0400478c2120c002e515400f93
:100870002128e00221204000212860000a000624ef
:10088000cc14400f21380000300044246237400f60
:100890002128c0031600b383271002002b1002008a
:1008a000c0181300211843020000668c0400678cf6
:1008b0002120c0022128e002cc14400f2180020236
:1008c00021b0400021b86000ffff62262014027ca6
:1008d000e1ff60161600a2a321b8a0020a00801250
:1008e0001800a68f300004246237400f2128c0036f
:1008f000271002002b100200ffff9426f9ff80163c
:10090000218002021800a68fcffdc0500000248273
:10091000cdfde05a00002482200004246237400ffd
:100920002128c003271002002b100200fffff7262a
:10093000f9ffe016218002021200400b0000248221
:10094000750002241600a2a3c000b5360007a2322b
:10095000dcfe40140010a432c000a232cf024014ca
:100960002016157cbd0440047000a78f1000a23231
:100970007d0440107000a48f7000a38f0000628c73
:10098000040063247000a3afc31f020021b0400025
:100990001800a3af21206000070081042348020053
:1009a0002b100900231803000300b53621b02001e5
:1009b000231862001800a3af04008016c000b332f1
:1009c0001800a38f25a0c3020100942e400002242a
:1009d000060262124100622ebd0040148000022413
:1009e0001804621201000224c0000224bb00621637
:1009f0001600b783010002241600a2a31800a48fda
:100a0000520580100a00c22e019d023cc0f3422410
:100a100002001724140005241800a68f0400438c3c
:100a20002b20c300ad0080541600b7a39904665074
:100a30000000438c0100f72620bc177cf7ffe51669
:100a400008004224140017242a10f402a6004014bf
:100a50001600a5a32a1097020ba0e20205000011c0
:100a60000040a2320300a2322b10020023400201f8
:100a70000040a232a0004010c408a3322a1088020d
:100a80009c00405423401401c408a33240080224af
:100a90009c006214214000002a10e802a3004014c8
:100aa0000400a232330540100800a2324d03400b6f
:100ab00021b80000730002241600a2a37000a58fc5
:100ac0000000a48c0400a5241005801021b0800033
:100ad00000008280110540507000a5af0100822403
:100ae0002390440001004224ffff4380fdff605437
:100af000239044007000a5af030080120800b532b7
:100b00002b1092020b9082022b9848022340120174
:100b1000ffffb5320a4013000c00a0162198000117
:100b20000a006052ffff1324200004246237400fa4
:100b30002128c003271002002b100200ffff73269c
:100b4000f9ff601621800202ffff1324ffff5226e7
:100b5000ffff14240a005412000000000000c482a9
:100b60002128c0036237400f0100d626271002005b
:100b70002b100200ffff5226f8ff541621800202bc
:100b800031fda052000024822efd601220000424ba
:100b90006237400f2128c003271002002b100200eb
:100ba00021800202e202400bffff73266f00022445
:100bb0001600a2a32d01400b4000b5362d01400bbd
:100bc0001600a2a37000a68f0000c38c1000a632ee
:100bd0007000a78f0400e524c3270300002604004b
:100be00002120300251082002024027c3300c01072
:100bf0001600a4a301004224ff0042300200422c50
:100c00002f0040541400a3a31400a4a31500a3a311
:100c1000020012241400b627be02400b7000a5afdc
:100c20001600a2a32c01400b2000b536660002245a
:100c30001600a2a32d01400b0004b5366500022466
:100c40001600a2a32d01400b0001b5366700022457
:100c50001600a2a32d01400b0002b5364700022466
:100c60001600a2a32000b5362d01400b0002b536b8
:100c7000450002241600a2a32000b5362d01400b2a
:100c80000001b5361000a2322120c0000a20e20087
:100c900025a89500ffffb53200002282ff004330f7
:100ca0007900642c3efd8014010031261600a2a3b9
:100cb0001600b627be02400b010012241400a3a3a5
:100cc000010012241400b627be02400b7000a5af2d
:100cd00049ff6012010002241600b7832a10f402b3
:100ce0005dff40102a10970220bc147c9702400b35
:100cf0001600b7a3c408a33240080224e102621020
:100d00002b100800c008a3328008022463ff62147d
:100d10002a10e80203000229feff08250b4002000a
:100d20002a10e8025fff40100400a232490140107f
:100d300023b817010200a2322e0340100100a23294
:100d40000100a4322d0002242b0003240a106400a9
:100d5000212040006237400f2128c00327100200e5
:100d60002b100200218002020a00e0120800a232c9
:100d7000300004246237400f2128c00327100200ee
:100d80002b100200fffff726f9ffe0162180020278
:100d90000800a232ffff4230ae04400b1c00a2af9d
:100da000fcff6228030040142a107400b70240546c
:100db0001c00a38fb1028012211000004002a27e0d
:100dc00023a082021300822e6e044014120002241b
:100dd0001600a2a31800a38f212060002128e002a2
:100de00021300000213800002f39400f3c00a8af0f
:100df000050240143c00a88f1800a38f212060003a
:100e00008b45400f2128e0022000a2af019d123c3b
:100e10001000a48f1c00a4afb0f352263c00a88f92
:100e2000000aa332000202244c0262101500832a39
:100e300023b81401c6008016fbfff7260008a23273
:100e4000c4004054fffff7260300a2321c00a48f09
:100e5000630083242b100200c700632c23b8e20236
:100e60000100632c0400a232c400401023b8e30246
:100e70000200a2324c0340100100a2320100a43251
:100e80002d0002242b0003240a10640021204000be
:100e90006237400f2128c003271002002b100200e8
:100ea000218002020a00e01a0800b6323000042451
:100eb0006237400f2128c003271002002b100200c8
:100ec000fffff726f9ffe016218002020800b63284
:100ed000ffffd6321800b6af1600a2832000a48f01
:100ee00021280000c0100200211042020000468ca0
:100ef000e515400f0400478c300044246237400f52
:100f00002128c0031600a383271002002b10020023
:100f1000c0180300211843020000668c0400678c8f
:100f20002000a48f21280000cc14400f2180020251
:100f300021b0400004008016219860000008a23211
:100f4000430040502000b5322e0004246237400f89
:100f50002128c0031600a5832000a5af271002009a
:100f60002b100200ffffa4242024047c2180020215
:100f70002a00a0101600a4a30002a232ffff4830ee
:100f80002800b4af1c00b1af21a0c00221b0000105
:100f900021886002219840020300c01225109102ae
:100fa000f90240501c00b18fc020040021206402cf
:100fb0000000868c0400878c21208002e515400ffc
:100fc00021282002300044246237400f2128c0032a
:100fd0001600b283271002002b100200c018120066
:100fe000211863020000668c0400678c21208002b7
:100ff00021282002cc14400f21800202ffff44264a
:101000002024047c21a0400021886000e2ff4016db
:101010001600a4a32800b48f1c00b18f2000a68f57
:1010200023a086020a0080522000b532300004243a
:101030006237400f2128c003271002002b10020046
:10104000ffff9426f9ff8016218002022000b532ae
:101050000200a01645000424650004246237400ff6
:101060002128c003271002002b1002002180020259
:101070001000a28fae0240042b0004246237400f00
:101080002128c003271002002b1002002180020239
:101090001000a28f640043288b026010eb51123cb9
:1010a0006666123c67665226180052001020000047
:1010b000c31702002128c0038320040023208200dc
:1010c0006237400f300084241000a38f27100200e5
:1010d0002b3002001800720010100000c32703001c
:1010e0002128c0032180060283100200231044003f
:1010f00040200200c0100200211082002320620064
:101100006237400f30008424271002002b100200a9
:10111000218002021800a28fcbfb405000002482e5
:10112000c9fbe05a00002482200004246237400feb
:101130002128c003271002002b100200fffff72612
:10114000f9ffe016218002021200400b0000248209
:10115000fffff7260300a2321c00a48f6300832444
:101160002b100200c700632c23b8e2020100632c9d
:101170000400a2323eff401423b8e3020800b63256
:10118000ffffd6320b00c0161800b6af0a00e01af7
:101190000200a232200004246237400f2128c0033d
:1011a000271002002b100200fffff726f9ffe016c0
:1011b000218002020200a232770240100100a23216
:1011c0000100a4322d0002242b0003240a10640025
:1011d000212040006237400f2128c0032710020061
:1011e0002b100200b603400b2180020201000224f2
:1011f0001600a2a31800a68f5003c0100800c22e2c
:1012000003000324020017244000042421100000de
:1012100016000a241800a68f2b28c200affea05487
:101220001600b7a3a00246102b28c40201006924af
:10123000423f0400c028020020bc037cff00233191
:101240002510e500f4ff6a14c02004003703400baa
:101250001600b7a30800a232ffff42300300e012dd
:101260001c00a2af60004010200004240200a23243
:10127000dc0140100100a2320100a4322d00022442
:101280002b0003240a106400212040006237400f25
:101290002128c003271002002b1002002180020227
:1012a000c008a23240080324f70243108008032438
:1012b0000103431030000424ffff8426019d123ceb
:1012c000c0100400b0f35226404004002000a332b6
:1012d0002190420280a0040021a804011800a78fd9
:1012e00040400700ffff63302000a3af2800b7afe6
:1012f00021b880022c00b1af2188a00221a8600291
:101300002198e000fdff02241600221221a0000116
:10131000400002245600a2124100a22e21004014d7
:10132000800002244100a21227181700c0000224e6
:101330001f00a2520000468e1600a4836237400fa1
:101340002128c003271002002b1002002180020276
:10135000f8ff5226fdff3126fdff0224ecff221686
:10136000fcfff7262800b78f1c00a68f35fbc010a6
:101370002c00b18f34fbe05a0000248220000424aa
:101380006237400f2128c003271002002b100200f3
:10139000fffff726f9ffe016218002021200400b42
:1013a00000002482e5ffa0561600a4830000468eac
:1013b0000400478e2120c002e515400f212860025d
:1013c00021204000212860000a000624cc14400f90
:1013d00021380000300042242024027ccf04400b3e
:1013e0001600a4a3200004246237400f2128c00364
:1013f000271002002b100200fffff7269bffe012d0
:1014000021800202200004246237400f2128c003fb
:10141000271002002b100200fffff726f1ffe01655
:10142000218002029c04400b0200a23204187400c6
:101430000610f6022000e632251062000628f302ac
:10144000019d043c88f38324019d073c9cf3e42424
:101450000b10a6002000a58f0a1885000f0042304f
:101460002118620000006480cf04400b1600a4a382
:1014700027101100041054000620360220002332e9
:1014800025204400061033020b204300070084305f
:1014900030008424cf04400b1600a4a3e6014004ce
:1014a0001000a232ab0140107000a28f7000a78f15
:1014b0000000f68c1800a0af0400e7246e02400b79
:1014c0007000a7af7000a68f0700c2240410027c32
:1014d0000000478c1800a7af0400578c0800422476
:1014e0007000a2af1800a38f212060002128e00225
:1014f00021300000213800002f39400f3c00a8aff8
:1015000005fc41043c00a88f0080023c26b8e202a2
:101510000300b5361800a38f212060002128e002c7
:1015200021300000213800001000a0af2f39400ffb
:101530003c00a8af02fc40103c00a88f1800a38f0d
:10154000212060002128e0025743400f1000a62709
:101550001000a28fffff42244018020021106200f9
:101560006666123c67665226180052001090000012
:10157000c317020083901200239042023a024006f1
:101580003c00a88f1000b2af23201200762c400f31
:101590003c00a8af21204000212860001800a38f44
:1015a000213060000422400f2138e0023000a2af59
:1015b0003400a3af019d023c58f4468c5cf4478c88
:1015c0003000a48f2f39400f3400a58f280240042b
:1015d0003c00a88f019d023c60f4448c64f4458c6f
:1015e0003000a68f3400a78f2f39400f3c00a8afe2
:1015f0000300401c3c00a88f010052261000b2af2f
:101600005101400b1c00b2af1600b6831c00a58f21
:101610002320b600762c400f3c00a8af1800a68f00
:101620002120c0002128e002213040009e13400ffd
:10163000213860002198400021906000211840006e
:10164000212060008b45400f2128400221204000ce
:10165000b64b400f3800a2af212060022128400283
:1016600021304000fb16400f21386000019d063cf0
:1016700050f4c6240000c48c0400c58c2130400006
:10168000213860001800b3af2f39400f21b8400255
:101690003c00a88f3e01401c3800a98f019d023cf0
:1016a00050f4468c54f4478c21206002fd16400f04
:1016b0002128400221204000212860001800a2af0c
:1016c0008b45400f21b860003c00a88f019d123c63
:1016d0000100c326c0180300b0f3522621184302ac
:1016e0000400648c590080142000a2af0000638cb9
:1016f0002b18430056006014c01816001800a28f63
:10170000212040002128e002019d033c68f463246d
:101710000000668c0400678c0422400f3c00a8afd8
:1017200021204000212860001c00a68f0100d62443
:101730001800a2af21b860001000b6af8b45400f73
:101740001c00b6af2000a2af000aa33200020224a0
:10175000b7fd62143c00a88f1500832a14000224f0
:101760002000a78f2500e0100aa043002120e00000
:10177000212800000a00062421380000cc14400f64
:101780003c00a8af251043001c0040143c00a88f6b
:101790002000b38f21b000002800b0af2180c0022c
:1017a00021b06002f205400b219800012120400089
:1017b0000a000624cc14400f2138000025104300f5
:1017c0000d004014214060022120c00221280002a7
:1017d0000a000624e515400f21380000212860008a
:1017e00025206200ffff942621b04000efff801407
:1017f00021806000214060022800b08f1600a48381
:101800002a1084028bfd405023b814012320940039
:10181000762c400f3c00a8af1800a68f2120c000f6
:101820002128e00221304000213860009e13400f43
:101830001600b4a3212040008b45400f21286000f2
:101840002000a2af8c03400b3c00a88fc0181600ec
:10185000211843020400648c1b0180541800a28fdd
:101860000000638c2b104300170140141800a28f56
:101870001000a78f8803400b1c00a7af7503400b17
:101880001600a2a3a602400b2340020199016004a6
:101890001800a38f212060002128e002b646400fe7
:1018a0003c00a8af2150400021b06000251043004b
:1018b000ae0140103c00a88f019d033cb8f36324a7
:1018c00001000224140007240400648c2b28c402a5
:1018d0000700a01421304000720196500000648c73
:1018e00001004224f8ff4714080063241400062472
:1018f00023a086021900822a27014014ff008432a7
:10190000212080023c00a8af762c400f3800aaafff
:1019100021904000219860003800aa8f21204001ca
:10192000c649400f2128c0021800a78f2120e000df
:101930002128e00221304000fb16400f21386000d2
:101940002120400021286000213040020422400f65
:101950002138600221204000b646400f2128600057
:1019600021904000219860003c00a88f2120400277
:10197000212860020a00062421380000cc14400f00
:101980003c00a8af25104300f6fa40143c00a88f95
:101990006e06400b21b0000121204000212860008c
:1019a0000a000624cc14400f213800002510430003
:1019b000ecfa40142140c00221204002212860029c
:1019c0000a00062421380000e515400fffff942689
:1019d00021904000f0ff8016219860005901400bd3
:1019e0002140c0022ffe4010c008a232a304400bc9
:1019f0002000042422014014c008a33280080224dd
:101a0000d9fc6214300004246237400f2128c0033f
:101a1000271002002000a5322b10020058000324da
:101a2000780004240b2065002128c0036237400f92
:101a300021800202271002002b1002005a03400be3
:101a4000218002021600a2a31800a58f4301a01056
:101a50001000c22e030003240200172400010424f6
:101a60002110000011000a241800a68f2b28c200a4
:101a70009afca0541600b7a3820046102b28c4027b
:101a800001006924023f04000029020020bc037cfd
:101a9000ff0023312510e500f4ff6a140021040043
:101aa0003703400b1600b7a37000a28f0000548cc0
:101ab000020022827000a38f040063247000a3af91
:101ac0006000400b020031261f855236180052007c
:101ad00010200000c31702002128c0034321040086
:101ae000232082006237400f300084241000a38f2f
:101af000271002002b28020018007200102000009e
:101b0000c317030021800502432104002310820033
:101b100080200200001102002110820080200200bb
:101b200021104400231062002804400b1000a2afd3
:101b3000231002002d0004242128c0036237400f27
:101b40001000a2af271002002b1002002404400b4b
:101b5000218002020000568c1800a0af040042242d
:101b60006e02400b7000a2af0000828c040084243f
:101b70007000a4afc31f020021b040001800a3af43
:101b80006602400b212060001304400b1600a0a346
:101b9000b305400b21102001d0fc40101600a28399
:101ba0007504400b20000424befc401020000424d7
:101bb000a403400b000000000800a232ffff4230e7
:101bc0000b0040141800a2af0a00e01a0200a23273
:101bd000200004246237400f2128c0032710020090
:101be0002b100200fffff726f9ffe016218002020a
:101bf0000200a2328f0040140100a4320100b5326d
:101c0000cefaa052019d153c200004246237400ffb
:101c10002128c003271002002b100200ce01400b28
:101c2000218002022b28450296faa050010044248c
:101c3000a701400b1600a4a37000a58f0700a224e3
:101c40000410027c080046247000a6af0000568ce9
:101c50000400428c6e02400b1800a2af0700e32480
:101c60000410037c0400648c0000628c0800632470
:101c70007000a3af2118800021b040006602400b25
:101c80001800a4af7fffa010010069243703400ba8
:101c90001600b7a32b18c30267fb60500100f7269c
:101ca0003703400b1600b7a361fda01001006924a3
:101cb0003703400b1600b7a31c00a58feeffa92425
:101cc0007e01400b1000a9af212040002128e00236
:101cd000019d023c60f442240000468c0400478cc5
:101ce0000422400f3c00a8af2120400021286000c2
:101cf0001c00a68fcc05400bffffd62481fa4010b4
:101d000020000424bc01400b0000000021206000e2
:101d10002128e002b646400f3c00a8af21904000c9
:101d200021b060003c00a88f212040022128c00281
:101d3000c649400f3c00a8af1800a68f2120c00064
:101d40002128e00221304000fb16400f21386000be
:101d50002000a2af2400a3af1000a0af21480000d4
:101d60009201400b3c00a88ff52f400f3c00a8af1c
:101d70001800a68f2120c0002128e0022130400059
:101d8000fd16400f213860001800a2af21b8600096
:101d90005901400b3c00a88f3c00a8aff52f400f25
:101da0003800aaaf1800a68f2120c0002128e00229
:101db00021304000fd16400f213860001800a2af0e
:101dc00021b86000762c400f212080022190400035
:101dd000219860003800aa8f21204001c649400f99
:101de0002128c0021800a78f2120e0002128e0024e
:101df00021304000fb16400f2138600021204000b8
:101e000021286000213040020422400f2138600266
:101e100021204000b646400f21286000219040005c
:101e200021986000d1fe80163c00a88f5a01400b1b
:101e30001c00a78f2b0002242d0003240b1064002c
:101e40000307400b212040001600a2a367fa4014ac
:101e500023a0820266fa60162e000424ffff0224eb
:101e60003702400b1600a2a36105400bffff52266c
:101e7000ffff52261000b2af5101400b1c00b2af61
:101e80005503400b20000424300004246237400f27
:101e90002128c003271002002b100200ae04400bc3
:101ea000218002022b2044018efe8010010042247a
:101eb0003d06400b23a086026237400f2128c00355
:101ec000271002002000a5322b1002005800032426
:101ed000780004240b2065002128c0036237400fde
:101ee00021800202271002002b100200ae04400bda
:101ef00021800202212060002128e0021c00a68f20
:101f0000271006002706400b21a08202019d093cf4
:101f100080f33625b402400b2120c002be02400be4
:101f200021900000cbf94010019d033c01000224e8
:101f30001600a2a3a701400b01000624b1fc40102b
:101f4000030003243703400b01001724affa4010ad
:101f5000019d023c3703400b01001724befe4010d8
:101f6000030003243703400b010017243c06400bf9
:101f700021300000ffff42301c00a2af9b04400b49
:101f800021b800002014147c7503400b1600a2a396
:020000040000fa
:020000041d00dd
:101f9000e8ffbd271400bfaf1000beaf21f0a003c3
:101fa0001800c4af2110a0001c00c2a3be4c400ffb
:101fb000000000000900401000000000cb4c400f62
:101fc0000000000005004010000000003f4d400fe1
:101fd00000000000f907400b00000000194d400f01
:101fe000000000001c00c29301004238ff00423094
:101ff0001f00401000000000148082931c00c39357
:1020000003006210000000001c00c293148082a331
:102010001c00c29300a0033c7c06642421284000dd
:10202000c31d400f00000000614d400f0000000084
:102030006c4d400f00000000774d400f0000000085
:10204000824d400f000000008d4d400f0000000049
:10205000984d400f000000001080838f080002247c
:102060000f006210000000008a0b400b000000000f
:10207000148082931c00c3930900621000000000ca
:102080001c00c29300a0033c7c066424212840006d
:10209000c31d400f000000001c00c293148082a3e7
:1020a0001080828f0b00432c5f0360100000000043
:1020b00080180200009d023ccc20422421106200c6
:1020c0000000428c0800400000000000dc21009d60
:1020d000e422009de423009de824009de825009d66
:1020e0008427009d4029009df42a009dac2d009d71
:1020f000b02c009df820009d00a0023c6c064424fa
:1021000021280000100006247a39400f000000004a
:1021100000a0023c6c0642240c00438c3412023caa
:10212000aa55423410006214000000001800c28f4b
:1021300000a0033c6c06668c6c0664240400858c4d
:102140006c0664240800848c6c0663240c00638c89
:10215000000046ac040045ac080044ac0c0043aca5
:102160006908400b000000001800c28f0100032422
:10217000000043ac1800c28fe8030324040043a40a
:102180001800c28f88130324060043a41800c28fce
:10219000080040a41800c28f3412033caa556334cf
:1021a0000c0043ac1800c48f8042400f00000000b8
:1021b0001800c48f8f11400f00000000108080af06
:1021c0001c00c2931800c48f21284000c31d400f7b
:1021d000000000008a0b400b000000008a4c400ffa
:1021e000000000000c00401000000000010002246c
:1021f000108082af1c00c2931800c48f21284000b9
:10220000c31d400f00000000614d400f00000000a2
:10221000b708400b00000000974c400f0000000082
:102220000c0040100000000003000224108082af68
:102230001c00c2931800c48f21284000c31d400f0a
:10224000000000006c4d400f00000000b708400b7c
:1022500000000000a44c400f0000000010004010df
:10226000000000001800c28f0000428c2016027c83
:10227000328082a704000224108082af1c00c29327
:102280001800c48f21284000c31d400f000000002b
:10229000774d400f00000000b708400b0000000021
:1022a000d84c400f000000000c004010000000005f
:1022b00009000224108082af1c00c2931800c48f52
:1022c00021284000c31d400f000000008d4d400f2d
:1022d000000000008a0b400b000000008a0b400b3e
:1022e000000000008a4c400f000000000c0040106d
:1022f0000000000002000224108082af1c00c29384
:102300001800c48f21284000c31d400f00000000aa
:10231000614d400f00000000f708400b0000000076
:10232000974c400f000000000b0040100000000020
:10233000108080af1c00c2931800c48f2128400079
:10234000c31d400f000000006c4d400f0000000056
:10235000f708400b00000000a44c400f00000000f4
:102360000f004010000000001800c28f04004284db
:10237000328082a705000224108082af1c00c29325
:102380001800c48f21284000c31d400f000000002a
:10239000774d400f00000000f708400b00000000e0
:1023a000d84c400f000000000c004010000000005e
:1023b00009000224108082af1c00c2931800c48f51
:1023c00021284000c31d400f000000008d4d400f2c
:1023d000000000008a0b400b000000008a0b400b3d
:1023e000000000008a4c400f000000000c0040106c
:1023f0000000000003000224108082af1c00c29382
:102400001800c48f21284000c31d400f00000000a9
:10241000614d400f000000003809400b0000000033
:10242000974c400f000000000c004010000000001e
:1024300001000224108082af1c00c2931800c48fd8
:1024400021284000c31d400f000000006c4d400fcc
:10245000000000003809400b00000000a44c400fb1
:10246000000000000f004010000000001800c28fa4
:1024700006004284328082a706000224108082afc8
:102480001c00c2931800c48f21284000c31d400fb8
:1024900000000000774d400f000000003809400b9d
:1024a00000000000d84c400f000000000c0040105d
:1024b0000000000009000224108082af1c00c293bb
:1024c0001800c48f21284000c31d400f00000000e9
:1024d0008d4d400f000000008a0b400b00000000f3
:1024e0008a0b400b000000008a4c400f00000000e7
:1024f0000b00401000000000108080af1c00c29351
:102500001800c48f21284000c31d400f00000000a8
:10251000614d400f000000007809400b00000000f2
:10252000974c400f000000000c004010000000001d
:1025300002000224108082af1c00c2931800c48fd6
:1025400021284000c31d400f000000006c4d400fcb
:10255000000000007809400b00000000a44c400f70
:10256000000000000f004010000000001800c28fa3
:1025700008004284328082a707000224108082afc4
:102580001c00c2931800c48f21284000c31d400fb7
:1025900000000000774d400f000000007809400b5c
:1025a00000000000d84c400f000000000c0040105c
:1025b0000000000009000224108082af1c00c293ba
:1025c0001800c48f21284000c31d400f00000000e8
:1025d0008d4d400f000000008a0b400b00000000f2
:1025e0008a0b400b000000008a4c400f00000000e6
:1025f00017004010000000001800c28f0000428c3d
:10260000010043241800c28f000043ac1800c28fa1
:102610000000428c0500422c040040140000000021
:102620001800c28f01000324000043ac1c00c293b9
:102630001800c48f21284000c31d400f0000000077
:10264000614d400f00000000df09400b000000005a
:10265000974c400f000000001600401000000000e2
:102660001800c28f0000428cffff43241800c28f65
:10267000000043ac1800c28f0000428c04004014dc
:10268000000000001800c28f04000324000043acc7
:102690001c00c2931800c48f21284000c31d400fa6
:1026a000000000006c4d400f00000000df09400bef
:1026b00000000000a44c400f000000000e0040107d
:1026c000000000001800c48f8f11400f00000000b0
:1026d000108080af1c00c2931800c48f21284000d6
:1026e000c31d400f00000000774d400f00000000a8
:1026f000df09400b00000000b14c400f000000005b
:102700000f00401000000000328082872118400036
:102710001800c28f000043ac108080af1c00c29331
:102720001800c48f21284000c31d400f0000000086
:10273000824d400f00000000df09400b0000000048
:10274000d84c400f000000000c00401000000000ba
:1027500009000224108082af1c00c2931800c48fad
:1027600021284000c31d400f000000008d4d400f88
:10277000000000008a0b400b000000008a0b400b99
:10278000000000008a4c400f000000001a004010ba
:10279000000000001800c28f04004284ffff423096
:1027a00014004224ffff4230201e027c1800c28f1a
:1027b000040043a41800c28f04004284d1074228b9
:1027c00004004014000000001800c28f140003240d
:1027d000040043a41c00c2931800c48f21284000a9
:1027e000c31d400f00000000614d400f00000000bd
:1027f0004e0a400b00000000974c400f0000000004
:102800001a004010000000001800c28f040042842b
:10281000ffff4230ecff4224ffff4230201e027ccb
:102820001800c28f040043a41800c28f0400428421
:102830001400422804004010000000001800c28f5d
:10284000d0070324040043a41c00c2931800c48fc3
:1028500021284000c31d400f000000006c4d400fb8
:10286000000000004e0a400b00000000a44c400f86
:10287000000000000f004010000000001800c48f8e
:102880008042400f0000000001000224108082af4f
:102890001c00c2931800c48f21284000c31d400fa4
:1028a00000000000774d400f000000004e0a400b72
:1028b00000000000b14c400f000000000f0040106d
:1028c00000000000328083871800c28f040043a4f8
:1028d00001000224108082af1c00c2931800c48f34
:1028e00021284000c31d400f00000000824d400f12
:1028f000000000004e0a400b00000000d84c400fc2
:10290000000000000c00401000000000090002243c
:10291000108082af1c00c2931800c48f2128400091
:10292000c31d400f000000008d4d400f000000004f
:102930008a0b400b000000008a0b400b00000000d7
:102940008a4c400f000000001900401000000000f9
:102950001800c28f06004284ffff42306400422408
:10296000ffff4230201e027c1800c28f060043a4e5
:102970001800c28f06004284112742280300401429
:10298000000000001800c28f060040a41c00c29383
:102990001800c48f21284000c31d400f0000000014
:1029a000614d400f00000000bb0a400b000000001a
:1029b000974c400f0000000019004010000000007c
:1029c0001800c28f06004284ffff42309cff422461
:1029d000ffff4230201e027c1800c28f060043a475
:1029e0001800c28f06004284040041040000000069
:1029f0001800c28f10270324060043a41c00c293b2
:102a00001800c48f21284000c31d400f00000000a3
:102a10006c4d400f00000000bb0a400b000000009e
:102a2000a44c400f000000000f0040100000000008
:102a30001800c48f8f11400f000000000200022414
:102a4000108082af1c00c2931800c48f2128400060
:102a5000c31d400f00000000774d400f0000000034
:102a6000bb0a400b00000000b14c400f000000000a
:102a70000f00401000000000328083871800c28fd2
:102a8000060043a402000224108082af1c00c293ff
:102a90001800c48f21284000c31d400f0000000013
:102aa000824d400f00000000bb0a400b00000000f8
:102ab000d84c400f000000000c0040100000000047
:102ac00009000224108082af1c00c2931800c48f3a
:102ad00021284000c31d400f000000008d4d400f15
:102ae000000000008a0b400b000000008a0b400b26
:102af000000000008a4c400f000000001a00401047
:102b0000000000001800c28f08004284ffff42301e
:102b100064004224ffff4230201e027c1800c28f56
:102b2000080043a41800c28f080042848913422879
:102b300004004014000000001800c28f8813032412
:102b4000080043a41c00c2931800c48f2128400031
:102b5000c31d400f00000000614d400f0000000049
:102b60002a0b400b00000000974c400f00000000b3
:102b70001a004010000000001800c28f08004284b4
:102b8000ffff42309cff4224ffff4230201e027ca8
:102b90001800c28f080043a41800c28f08004284a6
:102ba00078ec422804004010000000001800c28f9a
:102bb00078ec0324080043a41c00c2931800c48fbf
:102bc00021284000c31d400f000000006c4d400f45
:102bd000000000002a0b400b00000000a44c400f36
:102be000000000000f004010000000001800c48f1b
:102bf0008f11400f0000000003000224108082affc
:102c00001c00c2931800c48f21284000c31d400f30
:102c100000000000774d400f000000002a0b400b21
:102c200000000000b14c400f000000000f004010f9
:102c300000000000328083871800c28f080043a480
:102c400003000224108082af1c00c2931800c48fbe
:102c500021284000c31d400f00000000824d400f9e
:102c6000000000002a0b400b00000000d84c400f71
:102c7000000000000c0040100000000009000224c9
:102c8000108082af1c00c2931800c48f212840001e
:102c9000c31d400f000000008d4d400f00000000dc
:102ca0008a0b400b000000008a0b400b0000000064
:102cb000e54c400f00000000110040100000000033
:102cc00001000224348082a3358080a308000224fe
:102cd000108082af1c00c2931800c48f21284000ce
:102ce000c31d400f00000000984d400f0000000081
:102cf0008d4d400f00000000690b400b00000000ec
:102d0000d84c400f000000001100401400000000eb
:102d10008a4c400f000000000d004014000000002d
:102d2000974c400f00000000090040140000000014
:102d3000a44c400f000000000500401400000000fb
:102d4000b14c400f000000001600401000000000d1
:102d5000348080a3358080a308000224108082afd5
:102d60001c00c2931800c48f21284000c31d400fcf
:102d7000000000008d4d400f00000000614d400f2d
:102d8000000000006c4d400f00000000774d400f28
:102d900000000000824d400f000000008a0b400b35
:102da000000000008a0b400b000000003580829379
:102db0000e004014000000003480839301000224c0
:102dc0000a006214000000001800c28f3412033c95
:102dd000aa5563340c0043ac1800c48f21280000ae
:102de00010000624623c400f0000000035808293f2
:102df00001004224ff004230358082a33580829357
:102e0000c800422c0700401400000000108080af72
:102e10001c00c2931800c48f21284000c31d400f1e
:102e2000000000000000000021e8c0031400bf8f74
:102e30001000be8f1800bd270800e003000000004e
:020000040000fa
:020000041d00dd
:102e4000b0ffbd274c00bfaf4800beaf4400b7afd6
:102e50004000b6af3c00b5af3800b4af3400b3affc
:102e60003000b2af2c00b1af2800b0af2188800095
:102e700021f0a0005800a6af218000000000c4830c
:102e80000100d227280080101200a4a325000224ec
:102e90001b0082140200c22721b800002b0004246a
:102ea0002d0005243000072420000624ffff538056
:102eb0000c006412ffff5e242c00632a0c006014d7
:102ec00000000000b40165520800f73623006716c1
:102ed000010042240400f736ffff5380f6ff64161a
:102ee000ffff5e240200f736b60b400b01004224c0
:102ef0001a00661601004224b60b400b0100f7369b
:102f00006237400f21282002ffff0324dbff43101c
:102f100021f0400201001026000044820100d22767
:102f2000daff80141200a4a3211000024c00bf8f0e
:102f30004800be8f4400b78f4000b68f3c00b58f6d
:102f40003800b48f3400b38f3000b28f2c00b18fb3
:102f50002800b08f0800e0035000bd27019d033c0e
:102f600085ee632421107300000042900200e432d9
:102f7000feffe3320bb864000800e432fbffe332eb
:102f8000040042302128c003850140100bb86400c2
:102f9000e70b400b21100000219860000100de27a4
:102fa0000000c38340280200c0100200019d063cbf
:102fb00085eec6242120c300000084902110a200c9
:102fc0002198530004008430f3ff8014d0ff622660
:102fd0002e0004248700641021a80000100007249c
:102fe00000800624ff0064307900852c4b01a0107e
:102ff0000100de2780200400009d053c1030a52440
:103000002120a4000000848c080080000000000043
:10301000282f009d1c35009d1c35009d1c35009df2
:103020001c35009d1c35009d1c35009d1c35009de8
:103030001c35009d1c35009d1c35009d1c35009dd8
:103040001c35009d1c35009d1c35009d1c35009dc8
:103050001c35009d1c35009d1c35009d1c35009db8
:103060001c35009d1c35009d1c35009d1c35009da8
:103070001c35009d1c35009d1c35009d1c35009d98
:103080001c35009d1c35009d1c35009d1c35009d88
:103090001c35009d1c35009d1c35009d1c35009d78
:1030a0001c35009d1c35009d1c35009d1c35009d68
:1030b0001c35009d1c35009d1c35009d1c35009d58
:1030c0001c35009d1c35009d1c35009d1c35009d48
:1030d0001c35009d1c35009d1c35009d1c35009d38
:1030e0001c35009d1c35009d1c35009d1c35009d28
:1030f0001c35009d1c35009d1c35009d1c35009d18
:103100001c35009d1c35009d1c35009d1c35009d07
:103110001c35009d1c35009d1c35009d1c35009df7
:103120001c35009d1c35009d1c35009d1c35009de7
:103130001c35009d1c35009d1c35009d1c35009dd7
:10314000f434009d1c35009d1c35009d1c35009df0
:103150001c35009d1c35009d1c35009d1c35009db7
:103160001c35009d1c35009d1c35009d1c35009da7
:103170008435009d1c35009d1c35009d1c35009d2f
:103180001c35009d1c35009d1c35009d1c35009d87
:103190001c35009d1c35009d1c35009d2c35009d67
:1031a0009035009d1c35009d1c35009d1c35009df3
:1031b0001c35009d9035009d1c35009d1c35009de3
:1031c000f434009d1c35009d1c35009de434009da9
:1031d0008435009d1c35009d1c35009dec33009d01
:1031e0001c35009dac33009d1c35009d1c35009d99
:1031f0005c32009d0100c3832a000424f3016410a3
:103200000040f736019d053c85eea5242120a30052
:10321000000084900400843070ff80100100de27dd
:1032200040201500c0a815000100de2721a8950048
:1032300021a8a3020000c383019d073c85eee7247b
:103240002120e3000000849004008430f4ff801407
:10325000d0ffb526f80b400b10000724780003249c
:103260001200a3a38000f736c000e33255006014bb
:10327000201e177cdc0160045800a48f1000e3328c
:10328000e00060105800a78f5800a68f0000c38c84
:103290000400c6245800a6afc327030021b0600075
:1032a00021a08000212880000600a10423580300eb
:1032b0002b180b00232004000300f73621b0600117
:1032c00023a083000300a016c000f23225a8d40278
:1032d0000100b52e40000324a10143124100432efa
:1032e000d0006014800003248301431201000324f2
:1032f000c0000324ce0043161200b3830100032450
:10330000e90180121200a3a3019d043cf80184246a
:103310000300032402001324150007240400858cf5
:103320002b3085020900c0541200b3a3c101b45070
:103330000000858c01006524209c037cff00a330e5
:10334000f6ff6714080084241200b3a32a1875023c
:10335000bb006054209c157c2a18b3020ba86302a2
:10336000050040100040e3320300e3322b18030055
:10337000231043000040e332050060102a18620267
:103380002a18a202231055000a1003002a1862020c
:10339000b20060540400e3320400e232c70140107e
:1033a0000800e232990d400b2198000075000324bb
:1033b0001200a3a3c000f736c000e332adff6010d7
:1033c000201e177c930160041000e3328800601017
:1033d0005800a78f5800a68f0000d68c21a00000af
:1033e0000400c624b10c400b5800a6af73000324a0
:1033f0001200a3a35800a68f0000c58c0400c624a9
:103400009901a01021b0a0000000a3809a01605093
:103410005800a6af0100a324239065000100632497
:10342000ffff6480fdff8054239065005800a6af25
:103430000300a0120800f4322b18b2020b90a30272
:103440002b98420223105200ffff94320a101300ff
:103450000c008016219840000a006052ffff1324e0
:10346000200004246237400f212820022710020088
:103470002b100200ffff7326f9ff60162180020265
:10348000ffff1324ffff5526ffff12240a00b2128c
:10349000000000000000c482212820026237400f93
:1034a0000100d626271002002b100200ffffb526d0
:1034b000f8ffb2162180020271fe80520000c48320
:1034c0006efe6012200004246237400f2128200283
:1034d000271002002b10020021800202300d400b49
:1034e000ffff73266f0003241200a3a39a0c400b66
:1034f0004000f7361000e3322120c0000a20e3002c
:1035000025b89700fffff7320000c383ff00643047
:103510007900852cb7fea0140100de271200a3a3ba
:103520001200b6270c0d400b010012245800a78f83
:103530000000e48c1000e6320400e724c32f0400ee
:10354000002e0500021a04002518a300202c037c7d
:103550003d00c0101200a5a301006324ff006330ea
:103560000200632c390060541000a4a31000a5a32e
:103570001100a4a3020012241000b6270c0d400b6a
:103580005800a7af1200a3a3990c400b2000f736f8
:103590009a0c400b1200a3a3b60b400b010042246f
:1035a0002a00022407006212211860022110000084
:1035b0002e00042489fe641421a800007e0c400b18
:1035c0000100c3835800a78f0000e28c0100de27b2
:1035d0000100a3800400e7245800a7af2e000424b4
:1035e0007efe641421a800007e0c400b0100c38302
:1035f0000000f68c21a000000400e724b10c400b71
:103600005800a7af0000e38c0400e7245800a7afe0
:10361000c327030021b0600021a08000aa0c400b4a
:103620002128800036ff4012010003241200b383da
:103630002a18750249ff60102a18b302209c157cd5
:10364000d80c400b1200b3a31000a4a30100122455
:103650001000b6270c0d400b5800a7af1c006010df
:10366000239853000200e232b90040100100e23218
:103670000100e4322d0002242b0003240a10640010
:10368000212040006237400f21282002271002002d
:103690002b100200218002020a0060120800e232b0
:1036a000300004246237400f212820022710020036
:1036b0002b100200ffff7326f9ff60162180020223
:1036c0000800e232ffff4230c70d400b2400a2afda
:1036d0000800e232ffff4230030060122400a2af74
:1036e00056004010200004240200e232b3004010d3
:1036f0000100e2320100e4322d0002242b000324f9
:103700000a106400212040006237400f2128200267
:10371000271002002b10020021800202ffffa926c1
:10372000c0200900401809002000e232019d053c3c
:10373000e801b52421a8a4021800b5af21b869009a
:10374000403014001c00a6afffff42302000a2afa3
:10375000fdff02241800e21280a8090040000224a4
:10376000470042124100422e2200401480000224f1
:103770004f00421227181500c000022420004212f8
:103780001800a28f1200a4836237400f2128200264
:10379000271002002b100200218002021800a78fc0
:1037a000f8ffe7241800a7affdfff726fdff02246e
:1037b000eaffe216fcffb5262400a28fb0fd4050c0
:1037c0000000c483aefd605a0000c48320000424be
:1037d0006237400f21282002271002002b10020020
:1037e000ffff7326f9ff601621800202a00b400b39
:1037f0000000c483e4ff40561200a4831800a28f87
:103800000000468c0400478c2120c002e515400fc3
:103810002128800221204000212860000a0006247f
:10382000cc14400f21380000300042242024027cb8
:10383000e20d400b1200a4a3200004246237400fc5
:1038400021282002271002002b100200ffff732600
:10385000a5ff601221800202200004246237400f7d
:1038600021282002271002002b100200ffff7326e0
:10387000f1ff601621800202bb0d400b0200e23214
:10388000271017001c00a68f041046000620f60221
:103890002000e332252044000610f4020b204300f0
:1038a0000700843030008424e20d400b1200a4a3f2
:1038b0001c00a48f041864000610b6022000a63273
:1038c000251062000628b402019d073cc001e324d4
:1038d000019d073cd401e4240b10a6002000a58f15
:1038e0000a1885000f004230211862000000648031
:1038f000e20d400b1200a4a3610080121200a3a3ea
:1039000003000424020013240001052421180000f0
:1039100011000a242b3083028cfec0541200b3a382
:10392000490074102b30c50201008924023f0500b4
:1039300000310300209c047cff0024312518e600a0
:10394000f4ff8a1400290500d30c400b1200b3a326
:1039500051ff401020000424a10d400b0000000086
:10396000010003244b0080121200a3a303000424cf
:1039700002001324400005242118000016000a2428
:103980002b30830271fec0541200b3a332007410b6
:103990002b30c50201008924423f0500c0300300de
:1039a000209c047cff0024312518e600f4ff8a14d3
:1039b000c0280500d30c400b1200b3a358ff4010e1
:1039c000ffffa926c20d400b200004245800a68f3b
:1039d0000000d58c0200c3830400c6245800a6afa3
:1039e000f70b400b0200de2707008324f8ff0524b5
:1039f000242065000400858c0000838c080084244a
:103a00005800a4af2120a00021b06000aa0c400bf8
:103a100021a0a0005800a48f070083240410037c79
:103a2000080065245800a5af0000768cb10c400b4f
:103a30000400748c2b28c5023ffea01001006524f1
:103a4000d30c400b1200b3a3b8ffc01001008924af
:103a5000d30c400b1200b3a3cfffc0100100892488
:103a6000d30c400b1200b3a3019d163cb801d6261f
:103a7000020d400b2128c0020c0d400b21900000cc
:103a80001000c32e9fff6010030004248c0d400b18
:103a9000010013240800c32eb5ff601003000424a6
:103aa0008c0d400b010013240a00c32e17fe60107a
:103ab000019d043c8c0d400b01001324ffff42309c
:0c3ac0002400a2afba0d400b21980000ba
:020000040000fa
:020000041d00dd
:103acc00a8ffbd275400bfaf5000beaf21f0a0032c
:103adc005800c4af1000c0a34000c0a31800c0af72
:103aec004800c0af1c00c0af4c00c0af5800c28f24
:103afc002000428c2400c2af2400c48f080005248f
:103b0c00bb4f400f000000002800401000000000d8
:103b1c002400c48f08000524bf4f400f0000000094
:103b2c0022004010000000002400c48ffd4f400f05
:103b3c000000000008004010000000005800c28f78
:103b4c0001000324020043a0080002241800c2afa5
:103b5c00dd0e400b000000005800c28f020040a098
:103b6c00090002241800c2af5800c28f1000428c0a
:103b7c000a004010000000005800c28f1000428c58
:103b8c005800c38f0c00638c212060001800c58f77
:103b9c002130000009f84000000000002400c48f10
:103bac0008000524fa4f400f000000005800c28f97
:103bbc000200429001004238ff00423007004014de
:103bcc00000000005800c28f0300429001004238f0
:103bdc00ff0042300f004010000000002400c48f92
:103bec00ff0005240350400f000000002400c48f88
:103bfc00ff0005240050400f000000002400c48f7b
:103c0c00f5000524fa4f400f000000008911400b0d
:103c1c00000000002400c48f10000524bb4f400f8f
:103c2c00000000001e004010000000002400c48fa3
:103c3c0010000524bf4f400f00000000180040107a
:103c4c00000000002400c48f10000524fa4f400f20
:103c5c00000000002400c48f10000524d44e400f37
:103c6c00000000005800c28f040040a05800c28f12
:103c7c001000428c0a004010000000005800c28f57
:103c8c001000428c5800c38f0c00638c2120600004
:103c9c00030005242130000009f84000000000005a
:103cac002400c48f20000524c34f400f00000000e7
:103cbc001e004010000000002400c48f20000524ca
:103ccc00c74f400f0000000018004010000000001b
:103cdc005800c28f040040a05800c28f1000428cc4
:103cec000a004010000000005800c28f1000428ce7
:103cfc005800c38f0c00638c212060000300052446
:103d0c002130000009f84000000000002400c48f9e
:103d1c00200005240050400f000000002400c48f38
:103d2c0020000524e04e400f000000002400c48f4a
:103d3c0001000524c34f400f000000004800401054
:103d4c00000000002400c48f01000524c74f400f61
:103d5c000000000042004010000000005800c28f1c
:103d6c00040040a02400c48f200005240050400f04
:103d7c00000000002400c48f100005240050400fe8
:103d8c00000000001400c0af7b0f400b00000000cf
:103d9c005800c28f2c00438c1400c28f40110200bb
:103dac00211062002800c2af2800c28f000040ac76
:103dbc002800c28f08004224000040ac2800c28fab
:103dcc0010004224000040ac2800c28f180042248e
:103ddc00000040ac1400c28f010042241400c2af9a
:103dec001400c28f03004228e9ff401400000000b9
:103dfc002400c48f9e4e400f000000005800c28f5c
:103e0c00180040ac5800c28f1c0040ac2400c48f7a
:103e1c00212800004e4f400f000000005800c28fb8
:103e2c001000428c0a004010000000005800c28fa5
:103e3c001000428c5800c38f0c00638c2120600052
:103e4c00020005242130000009f8400000000000a9
:103e5c002400c48f010005240050400f0000000016
:103e6c002400c48f10000524c34f400f0000000035
:103e7c0023004010000000002400c48f1000052413
:103e8c00c74f400f000000001d0040100000000054
:103e9c005800c28f1000428c0a0040100000000035
:103eac005800c28f1000428c5800c38f0c00638cda
:103ebc0021206000040005242130000009f8400096
:103ecc00000000002400c48f100005240050400f97
:103edc00000000002400c48f10000524304f400f58
:103eec00000000002400c48f20000524354f400f33
:103efc00000000005800c28f01000324040043a0fe
:103f0c002400c48f04000524c34f400f00000000a0
:103f1c0018004010000000002400c48f0400052489
:103f2c00c74f400f000000001200401000000000be
:103f3c005800c28f1000428c0a0040100000000094
:103f4c005800c28f1000428c5800c38f0c00638c39
:103f5c0021206000070005242130000009f84000f2
:103f6c00000000002400c48f040005240050400f02
:103f7c00000000002400c48f80000524c34f400fb4
:103f8c000000000030004010000000002400c48f2e
:103f9c0080000524c74f400f000000002a0040108d
:103fac00000000002000c0af0010400b000000001b
:103fbc002000c28fff0042302400c48f2128400013
:103fcc00f24e400f000000000700401000000000ff
:103fdc002000c28fff0042302400c48f21284000f3
:103fec00a64e400f000000002000c28f01004224aa
:103ffc002000c2af2000c28f0300422cecff401403
:10400c00000000005800c28f1000428c0a004010c3
:10401c00000000005800c28f1000428c5800c38f63
:10402c000c00638c21206000060005242130000068
:10403c0009f84000000000002400c48f8000052413
:10404c000050400f000000002400c48f0200052423
:10405c00c34f400f00000000230040100000000080
:10406c002400c48f02000524c74f400f000000003d
:10407c001d004010000000002400c48f0650400fab
:10408c00000000004400c2af4400c28f2400c48f63
:10409c00212840000350400f000000002400c48f72
:1040ac00020005240050400f000000005800c28f91
:1040bc001000428c0c004010000000005800c28f11
:1040cc001000428c5800c38f0c00648c4400c32732
:1040dc00010005242130600009f8400000000000b8
:1040ec008311400b000000008311400b0000000006
:1040fc004c00c5274800c3274000c2272400c48faa
:10410c0021306000213840002a4e400f0000000092
:10411c002400c48f080005240050400f000000004c
:10412c004800c28f0500401400000000010002246a
:10413c001c00c2af5310400b000000001c00c0afad
:10414c004000c29301000324041043002c00c2afb2
:10415c004c00c28f16004014000000001c00c38fde
:10416c000100022409006214000000005800c28ff4
:10417c001800438c2c00c28f251862005800c28f87
:10418c00180043ac8210400b000000005800c28f96
:10419c001800438c2c00c28f2710020024186200d8
:1041ac005800c28f180043ac8210400b0000000076
:1041bc001c00c38f010002240900621400000000df
:1041cc005800c28f1c00438c2c00c28f2518620033
:1041dc005800c28f1c0043ac8210400b0000000042
:1041ec005800c28f1c00438c2c00c28f2710020079
:1041fc00241862005800c28f1c0043ac5800c28fb8
:10420c003400438c4000c293401002002120400037
:10421c004c00c28f21108200c010020080200200ce
:10422c0023108200211062003000c2af3000c28f18
:10423c000000428c3400c2af5800c28f2c00438c5b
:10424c004000c29340110200212040004c00c28f5c
:10425c000011020021108200211062002800c2af60
:10426c004800c28fc01002002800c38f21106200ca
:10427c003800c2af3400c28fe100401000000000d3
:10428c001100c0a33800c28f000042903c004230a5
:10429c00240003246d0043100000000034000324ac
:1042ac000600431000000000040003241f0043100c
:1042bc00000000005011400b000000003400c28fc1
:1042cc0002000324080043ac3800c28f0400438c66
:1042dc003400c28f040043ac2800c28f100042246b
:1042ec003c00c2af3c00c28f000040a03c00c28f1b
:1042fc00080042243c00c2af3c00c28f000040a02a
:10430c003000c28f18004224010003240c0043ac7f
:10431c002400c48f3f4f400f000000000100022416
:10432c001100c2a35011400b000000003400c28fda
:10433c002000438c3800c28f020042942118620086
:10434c003400c28f200043ac3400c28f0800438c71
:10435c00feff02240e006214000000003400c28f25
:10436c000c00428c06004010000000003400c28f8c
:10437c000c00428c3400c48f09f84000000000008f
:10438c00010002241100c2a31411400b0000000014
:10439c003800c28f020043943000c28f0400429454
:1043ac002b10620008004014000000003400c28f83
:1043bc002000438c3400c28f0400428c2b1062000e
:1043cc0017004014000000003400c28f2000438c02
:1043dc003400c28f0400428c2b1062000500401484
:1043ec00000000003400c28f080040ac0311400be9
:1043fc00000000003400c28f01000324080043ac0d
:10440c003400c28f2000438c3400c28f040043acb4
:10441c00010002241100c2a31411400b0000000083
:10442c004c00c28f2800c48f3000c58f3400c68f5b
:10443c0021384000822f400f000000005011400b2b
:10444c00000000005011400b000000003400c28f2f
:10445c000800438cfeff02240e00621400000000d2
:10446c003400c28f0c00428c06004010000000008b
:10447c003400c28f0c00428c3400c48f09f8400009
:10448c0000000000010002241100c2a34f11400bd8
:10449c00000000003400c28f2000428c1b0040142e
:1044ac00000000003400c28f1000428c80004230ab
:1044bc0010004010000000003400c28f1000428c2d
:1044cc007fff0424241844003400c28f100043ac36
:1044dc004c00c28f2800c48f3000c58f3400c68fab
:1044ec0021384000822f400f000000004f11400b7c
:1044fc00000000003400c28f080040ac0100022410
:10450c001100c2a34f11400b000000004c00c28fe1
:10451c002800c48f3000c58f3400c68f213840006e
:10452c00822f400f000000004f11400b00000000d4
:10453c00000000003800c28f000040a01100c293a0
:10454c002f004010000000003400c28f1800438c74
:10455c003000c28f000043ac3000c28f0000428c90
:10456c000300401400000000010002241000c2a34c
:10457c003400c28f0c00428c0b0040100000000075
:10458c003400c28f0800438cfeff02240600621028
:10459c00000000003400c28f0c00428c3400c48f29
:1045ac0009f84000000000003000c28f0000428c6f
:1045bc0013004010000000001000c29301004238ac
:1045cc00ff0042300e004010000000003000c28f8f
:1045dc000000428c04000324080043ac3000c28f5e
:1045ec000000438c4c00c28f2800c48f3000c58f54
:1045fc002130600021384000822f400f0000000065
:10460c002400c48f08000524c34f400f0000000095
:10461c00b7fe40140000000021e8c0035400bf8f17
:10462c005000be8f5800bd270800e00300000000ba
:020000040000fa
:020000041d00dd
:10463c00d0ffbd272c00bfaf2800beaf2400b0af09
:10464c0021f0a0033000c4af1000c0a31400c0af11
:10465c003000c28f06004284212040000f4a400fd8
:10466c000000000021184000019d023c2120600048
:10467c00bcfb458c022d400f0000000021204000a7
:10468c0021284000d627400f000000001800c2afc0
:10469c001000c0a39313400b000000003000c28f29
:1046ac000000428c020003248c0043100000000028
:1046bc000300432c060060100000000001000324de
:1046cc000b004310000000009013400b0000000092
:1046dc0003000324fa00431000000000040003242c
:1046ec0058014310000000009013400b0000000024
:1046fc001000c393019d023c40180300e8fa4224c9
:10470c002110620000004284212040000f4a400f1b
:10471c000000000021184000019d023c2120600097
:10472c00c0fb458cd427400f000000002120400026
:10473c001800c58fd730400f000000002118400032
:10474c00019d023c21206000c4fb458cd627400f04
:10475c0000000000218040003000c28f080042841d
:10476c00212040000f4a400f0000000021200002d1
:10477c0021284000d427400f0000000021204000d9
:10478c009646400f000000001400c2af1400c38f07
:10479c000100023c2a1062000300401400000000db
:1047ac00ffff02341400c2af1400c28f0300410497
:1047bc0000000000010002241400c2af1000c393db
:1047cc0000a0023c80180300dc044224211062008b
:1047dc001400c38f000043ac1000c39300a0023c34
:1047ec0080180300dc044224211062000000428c7b
:1047fc00204e42280e004014000000003000c28ff2
:10480c00080042840a004104000000001000c39319
:10481c0000a0023c80180300dc044224211062003a
:10482c00ffff0334000043ac2312400b00000000d8
:10483c001000c39300a0023c80180300dc04422447
:10484c00211062000000428c204e42280c004014c3
:10485c00000000003000c28f08004284080040189d
:10486c00000000001000c39300a0023c801803005d
:10487c00dc04422421106200204e0324000043accf
:10488c001000c4931000c39300a0023c80180300d6
:10489c00dc044224211062000000428c001402004f
:1048ac00ffff4224db68033cad8b633418004300ec
:1048bc0010180000431b0300c317020023186200ea
:1048cc0000a0023c80200400dc0442242110820061
:1048dc00000043ac9013400b000000001000c2938a
:1048ec003300422c13004014000000001800c48f49
:1048fc009646400f000000002016027c2118400054
:10490c001000c2934b0004242310820040100200bc
:10491c001800620012100000102743243000c28fd0
:10492c0008004284231062001400c2af5f12400bd7
:10493c00000000001800c48f9646400f00000000d5
:10494c002016027c211840001000c293e7ff42247d
:10495c0040100200180062001210000010274324bf
:10496c003000c28f08004284231062001400c2afd2
:10497c001400c38f0100023c2a1062000300401493
:10498c0000000000ffff02341400c2af1400c28ffd
:10499c000300410400000000010002241400c2af17
:1049ac001000c39300a0023c80180300dc044224d6
:1049bc00211062001400c38f000043ac1000c3939d
:1049cc0000a0023c80180300dc0442242110620089
:1049dc000000428c204e42280e00401400000000c3
:1049ec003000c28f080042840a004104000000001d
:1049fc001000c39300a0023c80180300dc04422486
:104a0c0021106200ffff0334000043ac9c12400bea
:104a1c00000000001000c39300a0023c80180300ab
:104a2c00dc044224211062000000428c204e4228fb
:104a3c000c004014000000003000c28f08004284bb
:104a4c0008004018000000001000c39300a0023cb6
:104a5c0080180300dc04422421106200204e032441
:104a6c00000043ac1000c4931000c39300a0023ca0
:104a7c0080180300dc044224211062000000428ce8
:104a8c0000140200ffff4224db68033cad8b63344f
:104a9c001800430010180000431b0300c31702004a
:104aac002318620000a0023c80200400dc04422495
:104abc0021108200000043ac9013400b000000005a
:104acc001000c293ceff50241800c48f9646400f9e
:104adc00000000002016027c1800020212100000d8
:104aec00102743243000c28f080042842310620038
:104afc001400c2af1400c38f0100023c2a106200e4
:104b0c000300401400000000ffff02341400c2af89
:104b1c001400c28f030041040000000001000224b5
:104b2c001400c2af1000c39300a0023c8018030015
:104b3c00dc044224211062001400c38f000043ac3b
:104b4c001000c39300a0023c80180300dc04422434
:104b5c00211062000000428c204e42280e004014ae
:104b6c00000000003000c28f080042840a0041049b
:104b7c00000000001000c39300a0023c801803004a
:104b8c00dc04422421106200ffff0334000043ac1c
:104b9c00fd12400b000000001000c39300a0023c6b
:104bac0080180300dc044224211062000000428cb7
:104bbc00204e42280c004014000000003000c28f30
:104bcc000800428408004018000000001000c39345
:104bdc0000a0023c80180300dc0442242110620077
:104bec00204e0324000043ac1000c4931000c39368
:104bfc0000a0023c80180300dc0442242110620057
:104c0c000000428c00140200ffff4224db68033cce
:104c1c00ad8b63341800430010180000431b0300d5
:104c2c00c31702002318620000a0023c802004007d
:104c3c00dc04422421108200000043ac9013400b92
:104c4c00000000001000c2933200422c15004010ee
:104c5c00000000001800c48f9646400f00000000b2
:104c6c002016027c801002008018020021104300e4
:104c7c008018020021104300c21f020021106200a4
:104c8c004310020010270324231862003000c28f47
:104c9c0008004284231062001400c2af3d13400b85
:104cac00000000001800c48f9646400f0000000062
:104cbc002016027c80100200801802002110430094
:104ccc008018020021104300c21f02002110620054
:104cdc0043100200102743243000c28f0800428486
:104cec00231062001400c2af1400c38f0100023cf9
:104cfc002a1062000300401400000000ffff023481
:104d0c001400c2af1400c28f030041040000000065
:104d1c00010002241400c2af1000c39300a0023c97
:104d2c0080180300dc044224211062001400c38f9d
:104d3c00000043ac1000c39300a0023c8018030099
:104d4c00dc044224211062000000428c204e4228d8
:104d5c000e004014000000003000c28f0800428496
:104d6c000a004104000000001000c39300a0023ca4
:104d7c0080180300dc04422421106200ffff03347e
:104d8c00000043ac7a13400b000000001000c393ea
:104d9c0000a0023c80180300dc04422421106200b5
:104dac000000428c204e42280c00401400000000f1
:104dbc003000c28f08004284080040180000000038
:104dcc001000c39300a0023c80180300dc044224b2
:104ddc0021106200204e0324000043ac1000c49349
:104dec001000c39300a0023c80180300dc04422492
:104dfc00211062000000428c00140200ffff4224cc
:104e0c00db68033cad8b63341800430010180000c2
:104e1c00431b0300c31702002318620000a0023cce
:104e2c0080200400dc04422421108200000043acea
:104e3c00000000001000c293010042241000c2a325
:104e4c001000c2936400422c14fe401400000000b9
:104e5c0021e8c0032c00bf8f2800be8f2400b08f28
:0c4e6c003000bd270800e003000000003b
:020000040000fa
:020000041d00dd
:104e78004050050042550a00c04a0500427d040022
:104e880025482f01c042040000800e3c25482e0111
:104e980040680700426d0d00c0620700427d0600b1
:104ea80025608f01c05a060025608e012628a700bc
:104eb8002428ae00ffff4f25fe07e12dcb00201070
:104ec80000000000ffffaf25fe07e12df4002010d1
:104ed8000000000023504d01ff034a25424008000e
:104ee800c07f090025400f0142480900023c0c0020
:104ef800f401e0001b0027011270000010480000b8
:104f0800ffff86311900ce0012200000004c090076
:104f1800027c080025482f012b7824010600e011a7
:104f280023482401ffffce2521482c012b082c0102
:104f3800fcff201000000000f401e0001b00270126
:104f480012380000104800001900c70012200000a5
:104f5800004c0900ffff0f3125482f012b78240151
:104f68000600e01123482401ffffe72421482c0113
:104f78002b082c01fcff20100000000000740e001c
:104f88002170c7011900cb01123800001020000061
:104f9800000008242b780701234007012b102f015c
:104fa80023482f012b7824012578e2010b00e0111a
:104fb80023482401ffffce2521400b012b780b014c
:104fc80021482c0121482f0102002c11000000006b
:104fd8002b782c01f7ffe0110000000006002c15cb
:104fe8000000000025200b002548080000000d24c3
:104ff8002a00001025380d00023c0c00f401e000e6
:105008001b0027011268000010480000ffff8631ce
:105018001900cd0012200000004c0900027c080095
:1050280025482f012b7824010600e011234824018c
:10503800ffffad2521482c012b082c01fcff201077
:1050480000000000f401e0001b00270112380000f6
:10505800104800001900c70012200000004c090089
:10506800ffff0f3125482f012b7824010600e0119e
:1050780023482401ffffe72421482c012b082c0199
:10508800fcff201000000000006c0d002168a70143
:105098001900ab011238000010200000000008249d
:1050a8002b780701234007012b102f0123482f01dc
:1050b8002b7824012578e2010b00e0112348240114
:1050c800ffffad2521400b012b780b0121482c0156
:1050d80021482f0102002c11000000002b782c0120
:1050e800f7ffe011000000000600c0050000000006
:1050f8002a78a0012168ad012170ce012170cf016d
:10510800ffff4a25257828010200e0110000000071
:105118000100ad3525480e0025400d00ffff4f2545
:10512800fe07e12d150020100000000000040825ee
:1051380000040f2d21482f012b782f0121504f01fa
:10514800c27a08000100ef3123400f01c222080093
:10515800407d090025208f0040780900027b0f0060
:105168002528af00007d0a002528af00251004007f
:10517800251805000800e003000000004400401d59
:105188000000000001000e242370ca012000c12d78
:105198000700201400000000e0ffce212b200800ab
:1051a8000d00091025402401f8ff00100000093403
:1051b8000900c0110000000022300e000420c800c1
:1051c8000430c9000640c8010648c9010200801021
:1051d8002540c800020008350004082500040f2dea
:1051e80021482f01d6ff0010c25709002a78000174
:1051f80021400801214829011700401521482f01a5
:10520800257828011400e01100000000080020158e
:1052180000000000030000150000000029ff001036
:1052280000000a242548000100000824e0ff4a2560
:1052380020702e7123ffc0110000000023504e0182
:1052480022300e000630c8000440c8010448c901d5
:105258001cff00102548260105004d150000000020
:1052680040780c002578eb012b00e01100000000cd
:10527800ff0701240a00a11100000000bbff401134
:1052880000000000257828012300e0150000000038
:10529800f07f013c2528a100b4ff00100000042481
:1052a8002a78600121586b0121608c011700a01534
:1052b80021608f0125788b01f5ffe01100000000c7
:1052c80008008015000000000300601500000000c1
:1052d80000ff001000000d242560600100000b2471
:1052e800e0ffad2520708e71fafec01100000000ad
:1052f8002368ae0122300e000630cb000458cb01e3
:105308000460cc01f3fe00102560860125788b012e
:105318000200e01100000000f8ff053c93ff0010b8
:08532800000004240000000055
:020000040000fa
:020000041d00dd
:105330002140c000214880003b00e0142118a0005b
:105340002b10a600480040102010c27008004050ea
:1053500002340800231802000428450006186400df
:105360000440460025186500044844000234080043
:105370001b006600f401c00010200000125800005d
:10538000ffff0c310254090002586c710024040024
:1053900025508a002b684b011b006600f401c000f9
:1053a0000900a05123504b01215048012b184801fe
:1053b0000500605423504b012b204b01211848015c
:1053c0000b50640023504b01ffff23311b004601ab
:1053d000f401c000104800001220000002208c7070
:1053e000004c0900254823012b1824011b0046010d
:1053f000f401c0000900605023482401214828011d
:105400002b18280105006054234824012b1824017f
:10541000214028010b4803012348240106104900bc
:105420000800e003211800002b10a70047004014db
:105430002050ea704800401520000b242b10e50096
:1054400005004014231086002b40860089000015bb
:1054500021108000231086002328a7002b20820023
:105460000800e0032318a4000600c01420100271f5
:10547000010002241b004600f401c000124000009d
:10548000201002717d004054044048002328a800e9
:10549000021c0800ffff0731022409001b00a300c3
:1054a000f401600010500000123000000230c7709c
:1054b00000540a00252044012b5086001b00a30045
:1054c000f40160000900405123208600212088005b
:1054d0002b2888000500a054232086002b5086002e
:1054e000212888000b20aa0023208600ffff2631f8
:1054f0001b008300f4016000104800001228000027
:105500000228a770004c0900254826012b302501f0
:105510001b008300f40160000900c05023482501ee
:10552000214828012b182801050060542348250133
:105530002b182501214028010b4803012348250190
:10554000061049000800e003211800002110800027
:105550000800e0032118a00023586a01043847011d
:10556000061066012538470006686501024c0700f1
:105570001b00a901f40120011060000012180000b6
:10558000ffffee3004284501061064012510450098
:10559000022c0200043046011240000002786e70b6
:1055a00000640c00256085012b288f011b00a901d8
:1055b000f40120010a00a0100420440121608701a9
:1055c0002b2887010600a014ffff68242b288f01d9
:1055d0000400a05023608f01feff68242160870132
:1055e00023608f01ffff42301b008901f40120017d
:1055f00010280000121800001268000002706e707f
:10560000002c05002510a2002b284e001b0089014c
:10561000f40120010600a0500044080021104700ba
:105620002b2847004c00a010ffff6d240044080009
:105630002540a80123104e00190006011048000063
:105640002b1849003e006014124000004b00491026
:105650002318490012300000233086002b208600da
:10566000231864000410630106304601251046002b
:10567000061843010800e003000000002000092490
:105680002348220106502501021c08001b0043018b
:10569000f40160001030000012580000ffff0731d5
:1056a0000428450006482401252825010264050038
:1056b0000448440002586771003406002530860112
:1056c0002b20cb001b004301f4016000060080503a
:1056d0002330cb002130c8002b20c80024008010cc
:1056e0002b50cb002330cb00ffffaa301b00c300a0
:1056f000f401600010200000122800000228a770aa
:105700000024040025208a002b5085001b00c300c4
:10571000f401600060ff40512328850021208800ab
:105720002b3088005cffc054232885002b50850057
:10573000213088000b20ca002615400b2328850045
:1057400023300601231827012b4006012318680087
:105750009615400b231843002b284e00b4ffa05091
:1057600000440800feff6d248b15400b21104700fc
:105770002120c800b915400b0b308a002b18880077
:10578000f0ff605423300601123000009615400be4
:10579000211800002140c000211080003f00e014cb
:1057a0002148a0002b18a600470060102018c370e5
:1057b00008006050021c080023480300042865000c
:1057c00006482401044066002548250104106400b1
:1057d000021c08001b002301f4016000106000009f
:1057e00012580000ffff0a310224020012300000ac
:1057f00002386a7100640c00252084012b60870048
:105800001b002301f40160000b0080112328870096
:10581000212088002b2888000600a014ffff6625a1
:105820002b2887000400a01023288700feff662590
:105830002120880023288700ffff42301b00a3009f
:10584000f40160001048000012380000122000002f
:105850000250ea70004c0900251022012b484a0032
:105860001b00a300f4016000090020510014060091
:10587000211048002b40480004000015ffffe424dd
:105880002b504a00feffe7240b20ea00001406001c
:10589000251082000800e003211800002b10a7004b
:1058a000440040142040e8704500005520000224c8
:1058b0002b28e500c800a0142b3086000100c23858
:1058c0000800e003211800000600c014201803712e
:1058d000010003241b006600f401c0001240000018
:1058e000201803717b006054044068002320a80046
:1058f000023c0800ffff0b310100032402340200c8
:105900001b008700f401e000106800001260000036
:105910001248000002508b71006c0d002530a6016a
:105920002b68ca001b008700f401e0000900a011e9
:105930002328ca002130c8002b20c800040080148e
:10594000ffff89252b20ca00a6008054feff892571
:105950002328ca00ffff42301b00a700f401e0002b
:105960001050000012300000122000000258cb70ce
:1059700000540a00251042012b504b001b00a700c9
:10598000f401e00009004051001409002110480012
:105990002b40480004000015ffffc4242b584b0087
:1059a000feffc6240b20cb00001409000800e00312
:1059b00025108200211800000800e00321100000db
:1059c00023104800043807010618460025386700f0
:1059d00006504500021c07001b004301f401600053
:1059e0001048000012680000ffffeb30042805019a
:1059f000061044002528450002740500121000001e
:105a00000260ab71004c090025482e012b702c015f
:105a10001b004301f40160000a00c01104300601bc
:105a2000214827012b50270106004015ffffa22522
:105a30002b502c010400405123482c01feffa225cd
:105a40002148270123482c01ffffa5301b0023011b
:105a5000f4016000106800001260000012500000a5
:105a600002588b71006c0d002528a5012b68ab0036
:105a70001b002301f40160000b00a0510014020080
:105a80002128a7002b18a70006006014ffff8a2515
:105a90002b18ab000400605000140200feff8a25a2
:105aa0002128a70000140200251042012328ab0082
:105ab00019004600103800002b18a700440060149d
:105ac000123000003f00a710042004010800e0038a
:105ad000211800002000022423104300064845003e
:105ae000023c08001b002701f401e0001030000018
:105af00012600000ffff0b3104286500061044000f
:105b000025284500026c05000410640012180000ee
:105b100002508b71003406002530a6012b20ca00ec
:105b20001b002701f401e0000b0080502330ca0065
:105b30002130c8002b20c80006008014ffff8325f9
:105b40002b20ca00040080502330ca00feff8325aa
:105b50002130c8002330ca00ffffac301b00c70053
:105b6000f401e00010200000125000001248000074
:105b700002284b710024040025208c002b60850036
:105b80001b00c700f401e0000b008051001c030063
:105b9000212088002b3088000600c014ffff492513
:105ba0002b3085000400c050001c0300feff492577
:105bb00021208800001c0300232085003f16400b95
:105bc000251823012b308600c0ffc0100000000004
:105bd000b316400bffff4224211800000800e00329
:0c5be000010002245416400b2130c800c4
:020000040000fa
:020000041d00dd
:105bec000080013c2638e10040580500425d0b0066
:105bfc00c0520500427d040025504f01c04a0400ec
:105c0c000080083c255048014070070042750e008a
:105c1c00c06a0700427d06002568af01c06206001d
:105c2c002568a801ffff6f25fe07e12d8d002010d0
:105c3c0000000000ffffcf25fe07e12dbb00201068
:105c4c00000000000080013c2428a10023406e01cc
:105c5c002c000011000000001500001900000000cd
:105c6c002000012d0700201400000000e0ff082197
:105c7c002b300c0023000d102560a601f8ff00103e
:105c8c0000000d341f00001100000000222008004d
:105c9c0004308c0004208d0006600c0106680d0198
:105cac001800c01025608c001600001002008c3506
:105cbc0025580e00234008002000012d0700201459
:105ccc0000000000e0ff08212b3009000d000a1035
:105cdc0025484601f8ff001000000a3409000011a5
:105cec0000000000222008000430890004208a00f3
:105cfc000648090106500a010200c0102548890017
:105d0c00020029352678a7001c00e00500000000e1
:105d1c0021482c012b782c0121504d0121504f0191
:105d2c0002004d11000000002b784d013700e011ee
:105d3c000000000001002f310200e0110000000003
:105d4c000200293542480900c07f0a0025482f016e
:105d5c0042500a000080013c2550410101006b2596
:105d6c00ff0701242900611500000000f07f013cb1
:105d7c002528a10037000010000004242b782c01ea
:105d8c0023482c012b104f0123504f012b784d0130
:105d9c002578e2010700e01123504d010080013c01
:105dac002628a1002b7809002348090023500a005b
:105dbc0023504f010800401500000000030020157f
:105dcc00000000000d00001000000b2425502001e5
:105ddc0000000924e0ff6b252040487107000011ea
:105dec0000000000235868012220080006208900ca
:105dfc000448090104500a01255044012578490141
:105e0c000200e01500000000000005246800601985
:105e1c00000000000004292500042f2d21504f0103
:105e2c002b784f0121586f01c27a09000100ef3124
:105e3c0023482f01c2220900407d0a0025208f0033
:105e4c0040780a00027b0f002528af00007d0b0074
:105e5c002528af0025100400251805000800e003d4
:105e6c00000000002a7820012148290121504a0114
:105e7c002300601521504f01257849011400e011d1
:105e8c000000000008004015000000000300201571
:105e9c000000000067ff001000000b2425502001bb
:105eac0000000924e0ff6b252040487161ff0011c0
:105ebc0000000000235868012220080006208900f9
:105ecc000448090104500a015aff001025504401ee
:105edc00ff0701241500c111000000002140e7005c
:105eec00257806010300e01500000000d9ffe0044e
:105efc000000000025100600d8ff00102518070030
:105f0c00257849012700e01500000000ff07012457
:105f1c00d0ffc115000000002678a7002100e00585
:105f2c0000000000f3ff0010000000002a78800140
:105f3c0021608c012168ad011700c0152168af01eb
:105f4c002578ac01c3ffe011000000000800a0158b
:105f5c0000000000030080150000000039ff001055
:105f6c0000000e242568800100000c24e0ffce25e3
:105f7c002040a87133ff0011000000002370c801fd
:105f8c002220080006208c0004600c0104680d011e
:105f9c002cff00102568a4012578ac01d5ffe01179
:105fac0000000000f8ff053caaff001000000424cc
:105fbc000100082423400b012000012d07002014b0
:105fcc0000000000e0ff08212b3009000d000a1032
:105fdc0025484601f8ff001000000a3409000011a2
:105fec0000000000222008000430890004208a00f0
:105ffc000648090106500a010200c0102548890014
:10600c000200293583ff001000000b240000000063
:020000040000fa
:020000041d00dd
:10601c00d0ffbd272c00bfaf2800beaf2400b0af0f
:10602c0021f0a00300a0023ca00442240f004390e6
:10603c0000a0023ca0044224380043a000a0023c73
:10604c00a00442240400428c0a00432cef00601090
:10605c000000000080180200009d023c7c6042247d
:10606c00211062000000428c08004000000000007b
:10607c00a460009d1864009d1864009d0c61009d37
:10608c00f861009d4061009df861009d3863009da2
:10609c00cc63009d1864009d2120000003000524a2
:1060ac00a13c400f000000002118400000a0023c61
:1060bc00a00443ac00a0023ca004438cffff0224cc
:1060cc000d0062100000000000a0023ca004428cf5
:1060dc0021204000019d023c90a645242130000067
:1060ec00d343400f0000000000a0023ca004422457
:1060fc0003000324040043ac0719400b000000000c
:10610c0000a0023ca00442240f0042900700401063
:10611c000000000000a0023ca0044224050003245f
:10612c00040043ac0719400b000000000719400b9a
:10613c00000000008143400f0000000003004010ed
:10614c00000000000719400b0000000000a0023cfa
:10615c00a004422406000324040043ac00a0023c2b
:10616c00a0044224200042901e00401000000000b9
:10617c0000a0023ca0044224200040a000a0023c4d
:10618c00a0044224ffff0324180043ac00a0023cef
:10619c00a00442243000428c2120000000a0033ccb
:1061ac00b804652421304000400007243321400fff
:1061bc000000000000a0023ca00442241800438c04
:1061cc00ffff0224070062140000000000a0023c44
:1061dc00a004422409000324040043ac0719400b1b
:1061ec00000000000719400b000000008143400f25
:1061fc000000000003004010000000000719400bd5
:10620c000000000000a0023ca004422420004290a8
:10621c00440040100000000000a0023ca0044224f6
:10622c0007000324040043ac00a0023ca004422459
:10623c003400428c3b004010000000001900c0a349
:10624c001800c0a300a0023ca00442243400428cdd
:10625c004000422c0b0040100000000000a0023c4b
:10626c00a00442243000438c00a0023ca004422431
:10627c003400428c21106200000040a0a918400b91
:10628c000000000000a0023ca00442243000428c1c
:10629c003f004224000040a000a0023ca004422485
:1062ac003000438c1900c2272120600000a0033c61
:1062bc007c066524213040008526400f000000003c
:1062cc0014004010000000001900c293050040109b
:1062dc00000000000c4d400f0000000001000224e3
:1062ec001800c2a300a0023ca00442243000438c3e
:1062fc001800c2932120600000a0033c7c0665249a
:10630c00213040006835400f00000000cc18400bd5
:10631c000000000000a0023ca0044224070003245b
:10632c00040043ac0719400b000000008143400ff0
:10633c000000000003004010000000000719400b93
:10634c000000000000a0023ca0044224ffff032434
:10635c001c0043ac00a0023ca0044224210040a03d
:10636c0000a0023ca004422408000324040043ac17
:10637c0000a0023ca00442243000508c00a0023c3f
:10638c00a00442243000428c212040005d34400f98
:10639c0000000000010003241000a3af2120000026
:1063ac0000a0033cbc0465242130000221384000cd
:1063bc00ff1a400f000000000719400b00000000fe
:1063cc008143400f0000000003004010000000005b
:1063dc000719400b0000000000a0023ca00442245e
:1063ec0021004290070040100000000000a0023c79
:1063fc00a004422405000324040043ac0719400bfd
:10640c00000000000719400b000000000000000015
:10641c0021e8c0032c00bf8f2800be8f2400b08f52
:0c642c003000bd270800e0030000000065
:020000040000fa
:020000041d00dd
:10643800d8ffbd272400bfaf2000beaf21f0a003c6
:106448002800c4af2c00c5af010002241400c2af5d
:10645800010002241800c2a32c00c28f0100429040
:106468000a00432cdb0060100000000080180200c6
:10647800009d023c90644224211062000000428c7e
:106488000800400000000000dc67009dc466009d15
:10649800dc67009d0467009ddc67009db864009d73
:1064a800dc67009dc467009ddc67009de864009d73
:1064b8002800c38f0000629401000424c439827c40
:1064c800000062a42c00c28f020043902800c28ff3
:1064d800740043a01400c0affa19400b000000007c
:1064e8002c00c28f02004390030042900012020069
:1064f80025104300ffff4230170040140000000041
:106508002800c28f0000438c0007023c2418620058
:106518000005023c10006214000000002800c28f31
:106528000b000324800043ac2800c48f973a400f27
:10653800000000002800c28f750040a02800c38f0b
:1065480003006290040004240410827c030062a00b
:10655800ae19400b000000002800c28f7500439060
:106568002c00c28f020044900300429000120200e7
:1065780025104400ffff4230ff0042304c006210fb
:10658800000000001000c0a37d19400b00000000af
:106598002800c28f7800438c1000c293801002003c
:1065a800211062000000428c050042240000439044
:1065b8002c00c28f02004290090062140000000003
:1065c8002800c28f7800438c1000c293801002000c
:1065d800211062000000438c2800c28f7c0043ac6d
:1065e8001000c293010042241000c2a32800c28fe9
:1065f800760042901000c3932b106200e4ff401411
:10660800000000002c00c28f02004390030042905b
:106618000012020025104300ffff4230ff00433004
:106628002800c28f750043a02800c48fb734400fdc
:10663800000000002800c38f0300629005000424b6
:106648000410827c030062a02c00c28f02004390d9
:10665800030042900012020025104300ffff423061
:10666800ff0042301c00c2a32800c28fa000438c48
:10667800010002240e006214000000002800c28fee
:10668800a800428c0a004010000000002800c28fb9
:10669800a800428c2800c38fac00638c1c00c5275f
:1066a8000a0004242130600009f8400000000000be
:1066b8001400c0affa19400b000000002c00c28f74
:1066c800020043900300429000120200251043008c
:1066d800ffff43300100022406006214000000009e
:1066e8002800c28f880040ac1400c0affa19400bd4
:1066f80000000000fa19400b000000002c00c28fb7
:10670800020043900300429000120200251043004b
:10671800ffff43300100022407006214000000005c
:106728002800c28f01000324880043ac1400c0afc6
:10673800ef19400b000000002c00c28f02004390ac
:10674800030042900012020025104300ffff43306f
:106758000200022417006214000000002800c28f03
:106768000000428c0e004330020002240d00621427
:10677800000000001400c0af2c00c28f0500439039
:106788002800c28f020043a02800c38f0000629433
:10679800010004240442827c000062a4ef19400b2b
:1067a80000000000010002241400c2affa19400bd7
:1067b80000000000fa19400b00000000010002244c
:1067c8001800c2a3010002241400c2affa19400b3a
:1067d80000000000010002241400c2af0000000005
:1067e8001800c29306004010000000002800c28f65
:1067f800212040001400c58f813e400f000000009a
:1068080021e8c0032400bf8f2000be8f2800bd27c9
:086818000800e003000000008d
:020000040000fa
:020000041d00dd
:10682000b0ffbd274c00bfaf4800beaf21f0a003b2
:106830005000c4af2110a0005800c6af5400c2a33e
:106840001000c0a35800c28f1c00c2af1400c0af1c
:106850005000c38fffff0224df0062100000000021
:106860005000c28fdc004010000000001c00c28fee
:106870000800428c03004228d100401000000000b4
:106880005400c2930f0042302000c2a35400c283c0
:10689000ff004230c2110200ff0042302400c2afac
:1068a0002000c2930300422cc100401000000000f1
:1068b0005000c28f2800c2af2800c28f2c00438c2a
:1068c0002000c29340110200212040002400c28f0a
:1068d0000011020021108200211062002c00c2afc2
:1068e0002800c28f3400438c2000c2934010020065
:1068f000212040002400c28f21108200c01002001d
:106900008020020023108200211062003000c2affc
:106910003000c28f1400428c01004230a0004010b1
:10692000000000001c00c28f0400438c3000c28fa6
:10693000040042941b006200f401400010100000ab
:106940003400c2af3400c28f1500401400000000b4
:106950002400c38f0100022416006214000000000e
:106960001c00c28f1000428c010042301100401008
:10697000000000001c00c28f0400428c0d0040107b
:10698000000000001c00c28f1000428c80004334c5
:106990001c00c28f100043ac6d1a400b00000000b9
:1069a0002400c28f030040140000000083ff022473
:1069b0001400c2af1400c28f850040140000000014
:1069c0002800c28f0100429001004238ff0042308f
:1069d0001f004010000000002800c28f3000422439
:1069e0003800c2afffff02243c00c2a73800c28fac
:1069f0000000439001000224060062140000000021
:106a00003800c28f000040a001000224861a400b0b
:106a100000000000211000002118400001000224a5
:106a200009006214000000002800c28f2800428c78
:106a300021204000ad47400f000000001000c2a31d
:106a4000941a400b0000000081ff02241400c2af22
:106a50001400c28f5e004014000000001c00c28fb2
:106a6000180040ac2400c38f010002240700621408
:106a7000000000001c00c28f0400438c1c00c28f69
:106a8000200043aca51a400b000000001c00c28f80
:106a9000200040ac1c00c28f03000324080043ac5c
:106aa0003000c28f0000428c110040140000000032
:106ab0003000c28f1c00c38f000043ac1c00c28f8b
:106ac0001c0040ac1c00c28f04000324080043ac2f
:106ad0002c00c48f3000c58f1c00c68f2400c78fc8
:106ae000822f400f00000000d11a400b0000000070
:106af0003000c28f0000428c1800c2afc41a400b95
:106b0000000000001800c28f1800428c1800c2afad
:106b10001800c28f1800428cfaff401400000000d9
:106b20001800c28f1c00c38f180043ac1c00c28f1a
:106b30001800c38f1c0043ac1c00c28f0300032449
:106b4000080043ac2800c28f010042900100423887
:106b5000ff0042301e004010000000001000c293f1
:106b600007004010000000002800c28f2800428c5f
:106b70002120000021284000f84d400f00000000b7
:106b80002800c28f300042244000c2af4000c28fb4
:106b900001000324000043a0f41a400b0000000091
:106ba0008aff02241400c2aff41a400b0000000058
:106bb00084ff02241400c2aff81a400b000000004a
:106bc00085ff02241400c2aff81a400b0000000039
:106bd000f81a400b0000000083ff02241400c2af2b
:106be0001400c28f21e8c0034c00bf8f4800be8f45
:0c6bf0005000bd270800e003000000007a
:020000040000fa
:020000041d00dd
:106bfc00b0ffbd274c00bfaf4800beaf21f0a003d3
:106c0c005000c4af5400c5af5800c6af5c00c7af4e
:106c1c001400c0af5000c28f0400401000000000f0
:106c2c0088ff0224ea1b400b000000005400c28fb6
:106c3c00ffff0324000043ac5000c28f80190200f8
:106c4c0000a0023cd0074224211062001800c2af01
:106c5c001800c28f0c0042241c00c2af1c00c28f53
:106c6c000400429001004238ff0042300400401002
:106c7c00000000008aff0224ea1b400b0000000009
:106c8c005c00c28f040040140000000082ff02244c
:106c9c00ea1b400b000000006000c28f0200423073
:106cac001d004010000000001c00c28f0200429426
:106cbc00211840005c00c28f2b10430004004010d0
:106ccc000000000082ff0224ea1b400b00000000c1
:106cdc001c00c28f020042945c00c38f1b00620038
:106cec00f4014000101000002000c2af2000c28f41
:106cfc0005004010000000005c00c38f2000c28f14
:106d0c00231062005c00c2af020002241400c2af68
:106d1c004f1b400b000000006000c28f010042308e
:106d2c000300401000000000010002241400c2af58
:106d3c001800c28f3400438c1800c28f2800428c7c
:106d4c002b106200040040140000000080ff02249d
:106d5c00ea1b400b00000000898082273400c2af80
:106d6c00ffff02243800c2a73400c28f00004390fa
:106d7c000100022406006214000000003400c28fdf
:106d8c00000040a001000224681b400b0000000022
:106d9c00211000002400c2af2400c38f0100022484
:106dac000400621000000000a0ff0224ea1b400b4c
:106dbc00000000001000c0afd71b400b000000000b
:106dcc0000a0033c1000c28f80100200c020020003
:106ddc002110440064076324211043000800428cf6
:106dec000200422857004010000000001000c28f23
:106dfc0080100200c01802002110430000a0033cc8
:106e0c0064076324211043002800c2af2800c28ffe
:106e1c005800c38f000043ac2800c28f5c00c38fa6
:106e2c00040043ac2800c28f5000c38f140043ac45
:106e3c002800c28f019d033c64e263240c0043ac28
:106e4c002800c28f1400c38f100043ac010004242f
:106e5c00374b400f000000002c00c2af1800c28f4f
:106e6c003400428c010043241800c28f340043ac20
:106e7c00010004242c00c58fe84a400f00000000dc
:106e8c002800c38f5400c28f000043ac1800c28f7f
:106e9c000000438c1c00c28f000042902120600037
:106eac00212840002800c68f9244400f00000000ab
:106ebc003000c2af3000c28f110040100000000043
:106ecc0001000424374b400f000000002c00c2af1f
:106edc001800c28f3400428cffff43241800c28f6d
:106eec00340043ac010004242c00c58fe84a400f49
:106efc00000000005400c28fffff0324000043accd
:106f0c00898082273c00c2af3c00c28f0100032461
:106f1c00000043a0010002242400c2af2400c38f50
:106f2c00010002240400621000000000a0ff0224f3
:106f3c00ea1b400b000000003000c28fea1b400b24
:106f4c00000000001000c28f010042241000c2afec
:106f5c001000c28f0300422c99ff40140000000067
:106f6c00898082274000c2af4000c28f01000324f9
:106f7c00000043a0010002242400c2af2400c38ff0
:106f8c00010002240400621000000000a0ff022493
:106f9c00ea1b400b0000000080ff022421e8c00324
:106fac004c00bf8f4800be8f5000bd270800e00387
:046fbc0000000000d1
:020000040000fa
:020000041d00dd
:106fc000d8ffbd272400bfaf2000beaf21f0a00333
:106fd0002800c4af2c00c5af1400c0af1000c0a77c
:106fe0001c00c0af010002241200c2a32800c28fff
:106ff0000c00428c1800c2af2c00c28f01004390dd
:107000000600022487006214000000002c00c28fda
:10701000030042901000432c7f006010000000002d
:1070200080180200009d023c3c7042242110620046
:107030000000428c08004000000000001872009d13
:107040007c70009dc470009df471009d1872009dbd
:107050001872009d8c71009d4871009d1872009df2
:107060001872009d1872009d1872009d1872009d84
:107070001872009d1872009d1872009d2800c28f22
:107080000000428c0e00433002000224060062140d
:10709000000000001800c28f0c00428c1c00c2af20
:1070a0002d1c400b000000001800c28f0000428c15
:1070b0001c00c2af120002241000c2a7871c400ba4
:1070c000000000002c00c28f020043902800c28ff5
:1070d000760042902b106200190040100000000062
:1070e0002800c28f7800438c2c00c28f020042908f
:1070f00080100200211062000000428c1400c2af18
:107100001400c28f0b004010000000001400c28f5a
:107110001c00c2af1400c28f0200439003004290d3
:1071200000120200251043001000c2a7501c400ba3
:10713000000000001c00c0af871c400b00000000d6
:10714000871c400b000000002800c28f0000428c0a
:107150007000433010000224080062140000000098
:107160001200c0a32800c48f2c00c58f8532400fa9
:1071700000000000871c400b0000000001000224fa
:107180001200c2a3871c400b000000002800c28f21
:107190000000428c7000433010000224130062147f
:1071a000000000002800c28f0000428c0e00433017
:1071b0000200022406006214000000001800c28fc2
:1071c0002000428c1c00c2af771c400b0000000066
:1071d0001800c28f2400428c1c00c2af0a00022497
:1071e0001000c2a7871c400b00000000871c400b4a
:1071f000000000001c00c2271800c48f2c00c58f9f
:10720000213040006830400f000000001000c2a78d
:10721000871c400b0000000000000000b11c400b68
:10722000000000002c00c28f0100439008000224df
:1072300008006214000000002800c28f750042247c
:107240001c00c2af010002241000c2a7b11c400bf9
:10725000000000002c00c28f010042901900401471
:10726000000000002800c28f840040a42800c28fc4
:107270000000428c0000427cff0044302800c38f95
:10728000840062940400827c840062a42800c28f7f
:107290008800428cff00423001004230ff00443041
:1072a0002800c38f840062944408827c840062a416
:1072b0002800c28f840042241c00c2af02000224b6
:1072c0001000c2a71200c29322004010000000006c
:1072d0001c00c28f08004014000000002800c28f6c
:1072e0002120400001000524813e400f00000000e5
:1072f000d51c400b000000002c00c28f06004390fc
:10730000070042900012020025104300ffff4230a8
:107310001000c3972b10430007004010000000002e
:107320002c00c28f0600439007004290001202001a
:10733000251043001000c2a72800c48f1c00c38f73
:107340001000c2972128600021304000223c400fed
:107350000000000021e8c0032400bf8f2000be8f82
:0c7360002800bd270800e003000000002a
:020000040000fa
:020000041d00dd
:10736c00c0ffbd273c00bfaf3800beaf21f0a0036b
:10737c004000c4af2110a0004400c2a31000c0a361
:10738c001400c0af4400c2930f0042301800c2a3d7
:10739c004400c283ff004230c2110200ff004230a1
:1073ac001c00c2af1800c2930300422ccb0040104b
:1073bc00000000004000c38fffff0224c1006210d8
:1073cc00000000004000c28fbe0040100000000012
:1073dc004000c28f2000c2af2000c28f010042903b
:1073ec0001004238ff0042301f0040100000000036
:1073fc002000c28f300042242c00c2afffff0224b9
:10740c003000c2a72c00c28f000043900100022460
:10741c0006006214000000002c00c28f000040a087
:10742c00010002240f1d400b000000002110000081
:10743c002118400001000224090062140000000021
:10744c002000c28f2800428c21204000ad47400f05
:10745c00000000001000c2a31d1d400b0000000026
:10746c0081ff02241400c2af1400c28f9300401499
:10747c00000000001800c2933d0040140000000002
:10748c002000c28f3400428c2400c2af2000c28f77
:10749c002c00438c2400c28f1000428cc0100200c0
:1074ac00211062002800c2af2800c28f000040a04b
:1074bc002800c28f0000439084ff02242510620034
:1074cc00ff0043302800c28f000043a02400c48f6b
:1074dc00fdff05245342400f000000002400c28f22
:1074ec001400428c020043342400c28f140043acbd
:1074fc002000c28f3400428c180042242400c2affa
:10750c002000c28f2c00438c2400c28f1000428cb0
:10751c0002004224c0100200211062002800c2aff9
:10752c002800c28f000040a02800c28f00004390aa
:10753c0084ff022425106200ff0043302800c28f14
:10754c00000043a02400c48ffdff05245342400fcc
:10755c00000000002400c28f1400428c020043344f
:10756c002400c28f140043ac9b1d400b0000000094
:10757c002000c28f3400438c1800c29340100200cc
:10758c00212040001c00c28f21108200c01002007c
:10759c008020020023108200211062002400c2af60
:1075ac002000c28f2c00438c1800c29340110200a3
:1075bc00212040001c00c28f00110200211082000b
:1075cc00211062002800c2af2800c28f000040a02a
:1075dc002800c28f0000439084ff02242510620013
:1075ec00ff0043302800c28f000043a02000c28f50
:1075fc002c00438c1800c293401102002120400043
:10760c001c00c28f001102002110820008004224cd
:10761c00211062002800c2af2800c28f000040a0d9
:10762c002800c28f0000439084ff022425106200c2
:10763c00ff0043302800c28f000043a02400c48ff9
:10764c00fdff05245342400f000000002400c28fb0
:10765c001400428c020043342400c28f140043ac4b
:10766c002000c28f0100429001004238ff004230de
:10767c0012004010000000001000c29307004010e0
:10768c00000000002000c28f2800428c2120000046
:10769c0021284000f84d400f000000002000c28f50
:1076ac00300042243400c2af3400c28f01000324e6
:1076bc00000043a0b81d400b00000000b81d400b9b
:1076cc000000000083ff02241400c2afbc1d400b5d
:1076dc0000000000bc1d400b0000000084ff0224d1
:1076ec001400c2af1400c28f21e8c0033c00bf8f4e
:1076fc003800be8f4000bd270800e00300000000ea
:020000040000fa
:020000041d00dd
:10770c00e0ffbd271c00bfaf1800beaf21f0a003e7
:10771c002000c4af2110a0002400c2a31080838fce
:10772c00090002242200621400000000010002245f
:10773c001000c2a3d91d400b000000001000c29322
:10774c00212040002144400f000000001000c29393
:10775c00010042241000c2a31000c2930500422c69
:10776c00f6ff40140000000005000424020005246c
:10777c00d145400f00000000019d023c100544243f
:10778c00a348400f0000000005000424030005245a
:10779c00d145400f00000000019d023c200544240f
:1077ac00a348400f000000009d1e400b000000008d
:1077bc001080838f08000224270062140000000050
:1077cc00010002241100c2a3fe1d400b00000000aa
:1077dc001100c293212040002144400f0000000002
:1077ec001100c293010042241100c2a31100c293e4
:1077fc000500422cf6ff4014000000000400042495
:10780c0002000524d145400f000000003480829313
:10781c000700401000000000019d023c300544248c
:10782c00a348400f000000009d1e400b000000000c
:10783c000200042402000524d145400f0000000082
:10784c00019d023c40054424a348400f0000000069
:10785c009d1e400b00000000200002241200c2a359
:10786c00200002241300c2a3200002241400c2a38f
:10787c00200002241500c2a32400c2930100423848
:10788c00ff0042300b0040100000000023000224d7
:10789c001200c2a3230002241300c2a3230002245b
:1078ac001400c2a3230002241500c2a3641e400bc3
:1078bc00000000001080828f0800432c3000601004
:1078cc000000000080180200009d023cec7842246d
:1078dc00211062000000428c0800400000000000f3
:1078ec000c79009d2c79009d4c79009d6c79009d44
:1078fc001c79009d3c79009d5c79009d7c79009df4
:10790c002a0002241200c2a3641e400b00000000d7
:10791c003f0002241200c2a3641e400b00000000b2
:10792c002a0002241300c2a3641e400b00000000b6
:10793c003f0002241300c2a3641e400b0000000091
:10794c002a0002241400c2a3641e400b0000000095
:10795c003f0002241400c2a3641e400b0000000070
:10796c002a0002241500c2a3641e400b0000000074
:10797c003f0002241500c2a3641e400b000000004f
:10798c00000000000100042401000524d145400f33
:10799c00000000001200c3832000c28f0000448c42
:1079ac0000a0023c80200400d4014224211082005b
:1079bc000000428c019d043c540584242128600065
:1079cc0021304000a348400f0000000001000424b7
:1079dc0002000524d145400f000000001300c383b2
:1079ec002000c28f04004284019d043c6405842461
:1079fc002128600021304000a348400f0000000007
:107a0c000100042403000524d145400f00000000b0
:107a1c001400c3832000c28f06004284019d043ce5
:107a2c00780584242128600021304000a348400fb1
:107a3c00000000000100042404000524d145400f7f
:107a4c00000000001500c3832000c28f0800428490
:107a5c00019d043c8c0584242128600021304000c9
:107a6c00a348400f0000000021e8c0031c00bf8f9a
:107a7c001800be8f2000bd270800e00300000000a6
:020000040000fa
:020000041d00dd
:107a8c00d8ffbd272400bfaf2000beaf21f0a0035c
:107a9c002800c4af2c00c5af3000c6af2800c28f81
:107aac001000c2af1000c28f0800428ccc004018ee
:107abc00000000002c00c28f0a00422cb1004010c4
:107acc00000000002c00c28f80180200009d023cb8
:107adc00f07a4224211062000000428c0800400021
:107aec0000000000907d009d907d009d187b009d06
:107afc00d87c009df07c009d907d009d907d009d2c
:107b0c000c7d009d5c7d009d787d009d1000c38fd9
:107b1c00000062948452027c000062a41000c28fa8
:107b2c00b400428c4000428c1000c38f1c00648c4b
:107b3c00211800002128600009f840000000000016
:107b4c001000c28fb400428c4000428c1000c38fd6
:107b5c001c00648c800003242128600009f840007c
:107b6c00000000001000c48f973a400f0000000086
:107b7c001000c28fb400428c2400428c1000c38fc2
:107b8c001c00638c212060001000052409f84000c3
:107b9c00000000001000c28fb400428c2000428c08
:107bac001000c38f1c00648c80000324212860000b
:107bbc00213000000800072409f8400000000000f4
:107bcc001000c28f5800428c030042280c00401059
:107bdc00000000001000c28fb400428c3800428cb0
:107bec001000c38f1c00648c212800001000c38f70
:107bfc00500063242130600009f8400000000000b0
:107c0c001000c38f03006290030004240410827cd4
:107c1c00030062a01000c28fb400428c1000428c92
:107c2c001000c38f1c00638c2120600009f84000f9
:107c3c0000000000ff00423007004230ff004430db
:107c4c001000c38f000062944418827c000062a470
:107c5c001000c28f0c00428c1400c2af1000c28ff7
:107c6c000000428c0e004330020002240b00621410
:107c7c00000000001400c28f1400438c1000c28f4f
:107c8c00780043ac1400c28f100043901000c28fd8
:107c9c00760043a0321f400b000000001400c28f7e
:107cac000800438c1000c28f780043ac1400c28fc4
:107cbc00040043901000c28f760043a01000c28fc6
:107ccc00750040a0661f400b000000001000c38f21
:107cdc00000062948452027c000062a4661f400b78
:107cec00000000001000c38f000062940100042407
:107cfc008452827c000062a4661f400b00000000ce
:107d0c002c00c28f1000401000000000070002245d
:107d1c002c00c2af1000c28fb400428c1400428cf5
:107d2c001000c38f1c00638c2120600009f84000f8
:107d3c00000000001800c2a71800c2273000c2af14
:107d4c00661f400b00000000661f400b0000000087
:107d5c001000c38f03006290010004240410827c85
:107d6c00030062a0661f400b000000001000c38fd0
:107d7c00030062900410027c030062a0661f400b9b
:107d8c00000000002c00c0af000000002c00c28fcf
:107d9c0013004010000000001000c28fa000438ca4
:107dac00010002240e006214000000001000c28fbb
:107dbc00a800428c0a004010000000001000c28f86
:107dcc00a800428c1000c38fac00638c2c00c48fb5
:107ddc003000c58f2130600009f840000000000021
:107dec0021e8c0032400bf8f2000be8f2800bd27d0
:087dfc000800e0030000000094
:020000040000fa
:020000041d00dd
:107e0400b0ffbd274c00bfaf4800beaf21f0a003b8
:107e14005000c4af2118a0005800c6af2110e000e4
:107e24005400c3a35c00c2a7010002242400c2af13
:107e34002000c0af5400c2930f0042302800c2a3f8
:107e44005400c283ff004230c2110200ff004230de
:107e54002c00c2af2800c2930300422cbc00401087
:107e6400000000005000c38fffff0224b200621024
:107e7400000000005000c28faf004010000000005e
:107e84005000c28f2000428c3000c2af5000c28f1d
:107e94003400c2af3400c28f2c00438c2800c2933c
:107ea40040110200211062003800c2af3400c28fba
:107eb4003400438c2800c293001102008020020089
:107ec40023108200211062003c00c2af5800c28f10
:107ed4004b004014000000003800c28f4000c2afc5
:107ee4001800c0afc41f400b000000001800c28f70
:107ef400801002004000c38f21106200000040acdb
:107f04001800c28f010042241800c2af1800c28fab
:107f140007004228f5ff4014000000002800c29327
:107f24001000a0af3000c48f212840002130000091
:107f3400010007244a4b400f000000002800c293b0
:107f44002400c38f041043002400c2af3400c28f46
:107f54001800438c2400c28f2410620005004010d6
:107f640000000000010002241c00c2afdf1f400b10
:107f7400000000001c00c0af5c00c2971c00c38f4f
:107f84001000a3af3c00c48f212840005800c68fc6
:107f940021380000f546400f000000003c00c28f6d
:107fa400180042243c00c2af3400c28f1c00438c32
:107fb4002400c28f2410620005004010000000005d
:107fc400010002241c00c2aff61f400b0000000099
:107fd4001c00c0af5c00c2971c00c38f1000a3af8d
:107fe4003c00c48f212840005800c68f010007249c
:107ff400f546400f000000005320400b0000000035
:108004002c00c28f001102003800c38f21106200bf
:108014003800c2af3800c28f000040ac3800c28fb5
:10802400040040ac3800c28f080042243800c2afbc
:108034003800c28f000040ac3800c28f040040ac4e
:108044005800c28f010042382b1002004400c2a322
:108054002800c2934400c3931000a3af3000c48f20
:10806400212840002c00c68f213800004a4b400fc5
:10807400000000002800c2932400c38f04104300b2
:108084002400c2af2c00c28f0e0040140000000078
:108094003400c28f1800438c2400c28f2410620065
:1080a4000500401000000000010002241c00c2afc3
:1080b4003d20400b000000001c00c0af3d20400be1
:1080c400000000003400c28f1c00438c2400c28fc7
:1080d400241062000500401000000000010002248a
:1080e4001c00c2af3d20400b000000001c00c0afcc
:1080f4002c00c28fc01002008018020023106200fe
:108104003c00c38f211062003c00c2af5c00c297e8
:108114001c00c38f1000a3af3c00c48f2128400073
:108124005800c68f21380000f546400f00000000bb
:108134005320400b0000000083ff02242000c2af44
:108144005720400b000000005720400b00000000a7
:1081540084ff02242000c2af2000c28f21e8c003a4
:108164004c00bf8f4800be8f5000bd270800e003bd
:048174000000000007
:020000040000fa
:020000041d00dd
:10817800d8ffbd272400bfaf2000beaf21f0a00369
:10818800211080002c00c5af3000c6af2800c2a760
:108198002800c4972118800000110300211840000e
:1081a80080100300231043002310440080100200b5
:1081b80000a0033c7c006324211043001000c2afe0
:1081c8001d00c0a31400c0a32c00c38f0e000224fe
:1081d800b6006214000000003000c28f1800c2af61
:1081e8001800c28f06004390070042900012020058
:1081f80025104300ffff43301000c28fb00043a496
:108208001000c28fb400428c4000428c1000c38f13
:108218001c00648c800003242128600009f84000b9
:10822800000000001800c28f000042900020427c2d
:10823800ff00423001000324460043100000000004
:108248000200432805006010000000000b004010e9
:10825800000000002d21400b000000000200032454
:108268005500431000000000030003248900431058
:10827800000000002d21400b000000001800c28ff4
:108288000000429060004230ff004230130040146a
:10829800000000001800c28f000042900430027ce9
:1082a800ff00423007004014000000001000c48f97
:1082b8001800c58f0e19400f00000000d520400b94
:1082c800000000001000c48f1800c58ff01b400f7d
:1082d800000000002d21400b000000001800c28f94
:1082e8000000429060004230ff004330400002240a
:1082f80008006214000000001000c48f0e0005245e
:108308001800c68f0343400f00000000d520400b23
:10831800000000001800c28f000042906000423048
:10832800ff0043302000022408006214000000000f
:108338001000c28f2120400001000524813e400f1b
:10834800000000002d21400b000000002d21400bf3
:10835800000000001800c28f000042906000423008
:10836800ff004330400002240a00621400000000ad
:108378001800c28f040042901000c48f21284000ca
:108388001800c68f0238400f000000002d21400b56
:10839800000000001800c28f040042901000c48f33
:1083a800212840001800c68f0238400f0000000046
:1083b8002d21400b000000001800c28f04004290dd
:1083c8001c00c2a31c00c2931c0040100000000047
:1083d8001c00c3931d00c2271000c48f2128600011
:1083e80021304000dd3a400f000000001400c2a315
:1083f8001000c28f0000438c0007023c2418620062
:108408000005023c06006214000000001400c2933c
:1084180001004238ff004230080040100000000010
:108428001000c28f2120400001000524813e400f2a
:10843800000000002d21400b000000001800c28f32
:108448000000429060004230ff00423009004014b2
:10845800000000001d00c2931000c48f21284000b6
:108468001800c68f0c2f400f000000002d21400b74
:10847800000000001d00c2931000c48f2128400096
:108488001800c68f0238400f000000002d21400b55
:10849800000000001000c48f0e0005241800c68fcd
:1084a8000343400f000000000000000021e8c00363
:1084b8002400bf8f2000be8f2800bd270800e003de
:0484c80000000000b0
:020000040000fa
:020000041d00dd
:1084cc00b8ffbd274400bfaf4000beaf21f0a003f2
:1084dc004800c4af4c00c5af5000c6af5400c7af86
:1084ec004800c28f040040100000000088ff0224e6
:1084fc00fe21400b000000004800c28f80190200d2
:10850c0000a0023cd0074224211062001400c2af2c
:10851c001400c28f060042241800c2af4c00c28f58
:10852c00ffff0324000043ac1800c28f04004290ec
:10853c0001004238ff0042300400401000000000ef
:10854c008aff0224fe21400b000000001800c28f9d
:10855c00020042945400c38f1b006200f4014000df
:10856c00101000001c00c2af5400c28f0400401059
:10857c00000000001c00c28f04004010000000002e
:10858c0082ff0224fe21400b000000001400c28f69
:10859c003800438c1400c28f2c00428c2b106200cc
:1085ac00040040140000000080ff0224fe21400b58
:1085bc0000000000898082273000c2afffff022438
:1085cc003400c2a73000c28f000043900100022487
:1085dc0006006214000000003000c28f000040a0b2
:1085ec00010002247f21400b00000000211000003c
:1085fc002000c2af2000c38f0100022404006210cf
:10860c0000000000a0ff0224fe21400b000000002f
:10861c001000c0afeb21400b0000000000a0033c99
:10862c001000c28f80100200c020020021104400f4
:10863c0064076324211043000800428c0200422886
:10864c0054004010000000001000c28f8010020087
:10865c00c01802002110430000a0033c64076324ef
:10866c00211043002400c2af2400c28f5000c38fde
:10867c00000043ac2400c28f5400c38f040043acf1
:10868c002400c28f4800c38f140043ac2400c28f57
:10869c00019d033c38e163240c0043ac010004242d
:1086ac00374b400f000000002800c2af1400c28fef
:1086bc003800428c010043241400c28f380043acb4
:1086cc00010004242800c58fe84a400f0000000078
:1086dc002400c38f4c00c28f000043ac1400c28f27
:1086ec000000438c1800c28f0000429021206000d3
:1086fc00212840002400c68f9244400f0000000047
:10870c002c00c2af2c00c28f1100401000000000e2
:10871c0001000424374b400f000000002800c2afba
:10872c001400c28f3800428cffff43241400c28f08
:10873c00380043ac010004242800c58fe84a400fe0
:10874c00000000004c00c28fffff0324000043ac6c
:10875c00898082273800c2af3800c28f0100032401
:10876c00000043a0010002242000c2af2000c38ff0
:10877c00010002240400621000000000a0ff02248b
:10878c00fe21400b000000002c00c28ffe21400b8c
:10879c00000000001000c28f010042241000c2af84
:1087ac001000c28f0300422c9cff401400000000fc
:1087bc00898082273c00c2af3c00c28f0100032499
:1087cc00000043a0010002242000c2af2000c38f90
:1087dc00010002240400621000000000a0ff02242b
:1087ec00fe21400b0000000080ff022421e8c003a2
:1087fc004400bf8f4000be8f4800bd270800e00337
:04880c000000000068
:020000040000fa
:020000041d00dd
:108810004050050042550a00c04a0500427d040050
:1088200025482f01c042040000800e3c25482e013f
:1088300040680700426d0d00c0620700427d0600df
:1088400025608f01c05a060025608e012628a700ea
:108850002428ae00ffff4f25fe07e12d4700201022
:1088600000000000ffffaf25fe07e12d6f00201084
:108870000000000002fcaf2521504f0119002c011f
:10888000123800001070000019000b0112200000c7
:108890001030000019002b01125800001068000071
:1088a0002130cb002b78cb002138ed002138ef00b0
:1088b0000200ed10000000002b78ed002170cf01c8
:1088c00019000c0112400000104800002130c800bf
:1088d0002b78c8002138e9002138ef000200e910a8
:1088e000000000002b78e9002170cf012578860078
:1088f0000200e011000000000100e73425480e00ee
:1089000006002005254007002a78000121400801c3
:108910002148290121482f01ffff4a25ffff4f254c
:10892000fe07e12d6800201000000000000408256b
:1089300000040f2d21482f012b782f0121504f01ca
:10894000c27a08000100ef3123400f01c222080063
:10895000407d090025208f0040780900027b0f0030
:108960002528af00007d0a002528af00251004004f
:10897000251805000800e003000000002a78000127
:1089800021400801214829011c00401521482f01e0
:10899000257828011400e0110000000008002015cf
:1089a000000000000300001500000000adff0010f3
:1089b00000000a242548000100000824e0ff4a25a1
:1089c00020702e71a7ffc0110000000023504e013f
:1089d00022380e000638e8000440c8010448c901e6
:1089e000a0ff001025482701ff0701243300a11133
:1089f00000000000ddff00100000000025782801c5
:108a00002e00e015000000000500a0150000000089
:108a100040780c002578eb012800e01100000000f0
:108a2000ff0701242100a115000000002a78600141
:108a300021586b0121608c011900a01521608f0164
:108a400025788b011400e01100000000080080155b
:108a500000000000030060150000000085ff00100a
:108a600000000d242560600100000b24e0ffad250f
:108a7000203086717fffc010000000002368a6012f
:108a8000227006000670cb010458cb000460cc00b5
:108a900078ff001025608e01b4ff00100000042450
:108aa00025788b010500e01500000000f07f013cf7
:108ab0002528a100adff001000000424f8ff053cac
:108ac000aaff001000000424f8ff401d0000000071
:108ad00001000e242370ca012000c12d07002014bc
:108ae00000000000e0ffce212b3008000d0009102f
:108af00025402601f8ff0010000009340900c011cc
:108b00000000000022380e000430e8000438e900bc
:108b10000640c8010648c9010200c0102540e8000f
:108b2000020008350004082500040f2d21482f01fc
:0c8b300083ff0010c25709000000000085
:020000040000fa
:020000041d00dd
:108b3c00b8ffbd274400bfaf4000beaf21f0a0037b
:108b4c004800c4af2110a0004c00c2a31000c0a369
:108b5c001400c0af4c00c2930f0042301800c2a3e7
:108b6c004c00c283ff004230c2110200ff004230b1
:108b7c001c00c2af1800c2930300422cad00401081
:108b8c00000000004800c38fffff0224a300621006
:108b9c00000000004800c28fa00040100000000040
:108bac004800c28f2000c2af2000c28f2000428c30
:108bbc002400c2af2000c28f3400438c1800c29333
:108bcc0040100200212040001c00c28f21108200a6
:108bdc00c0100200802002002310820021106200cd
:108bec002800c2af2000c28f010042900100423821
:108bfc00ff0042301f004010000000002000c28f18
:108c0c00300042243000c2afffff02243400c2a760
:108c1c003000c28f00004390010002240600621451
:108c2c00000000003000c28f000040a001000224b0
:108c3c001223400b000000002110000021184000fe
:108c4c000100022409006214000000002000c28f01
:108c5c002800428c21204000ad47400f000000004e
:108c6c001000c2a32023400b0000000081ff02244f
:108c7c001400c2af1400c28f660040140000000044
:108c8c001800c29313004014000000002000c28f93
:108c9c002c00438c1800c29340110200212040008c
:108cac001c00c28f00110200212082002800c28ffc
:108cbc001000428cc01002002110820021106200b2
:108ccc002c00c2af2c00c28f000040a05623400bda
:108cdc00000000002000c28f2c00438c1800c293af
:108cec0040110200212040001c00c28f0011020024
:108cfc0021108200211062002c00c2af2c00c28f08
:108d0c00000040a02000c28f2c00438c1800c2939e
:108d1c0040110200212040001c00c28f00110200f3
:108d2c002110820008004224211062002c00c2afe6
:108d3c002c00c28f000040a01800c2932400c48fe6
:108d4c0021284000a64e400f000000001800c293de
:108d5c000a004014000000001c00c38f0100022414
:108d6c0006006214000000002800c28f01000324da
:108d7c000c0043ac6423400b000000002800c28fa1
:108d8c000c0040ac2800c28f1400428cfdff042460
:108d9c00241844002800c28f140043ac1800c2935e
:108dac0005004010000000002800c48ffcff0524c3
:108dbc005342400f000000002000c28f010042907f
:108dcc0001004238ff004230120040100000000049
:108ddc001000c29307004010000000002000c28f5a
:108dec002800428c2120000021284000f84d400f23
:108dfc00000000002000c28f300042243800c2afb7
:108e0c003800c28f01000324000043a08e23400bc6
:108e1c00000000008e23400b0000000083ff0224a2
:108e2c001400c2af9223400b000000009223400bb1
:108e3c000000000084ff02241400c2af1400c28f93
:108e4c0021e8c0034400bf8f4000be8f4800bd27ff
:088e5c000800e0030000000023
:020000040000fa
:020000041d00dd
:108e6400e8ffbd271400bfaf1000beaf21f0a00380
:108e7400214080002120a0002118c0002110e00022
:108e84001800c8a31c00c4a32000c3a32400c2a3c9
:108e94001800c2934c808427212840002032400fc0
:108ea400000000001c00c293548084272128400045
:108eb4002032400f000000002000c2934480842729
:108ec400212840002032400f000000002400c293fb
:108ed40064808427212840002032400f00000000d5
:108ee40054808427254c400f000000001b004010d4
:108ef40000000000334d400f000000005480842720
:108f0400f24c400f000000004c808427164c400fa8
:108f1400000000000a004010000000006c808293f2
:108f24000400027c6c8082a36c8082930100032481
:108f34004408627c6c8082a3d823400b00000000ac
:108f44006c808293010003240400627c6c8082a301
:108f54006c8082934408027c6c8082a344808427c2
:108f6400164c400f0000000001004238ff00423060
:108f74000d004010000000006e808297f401422c26
:108f840005004010000000006e808297010042241a
:108f9400ffff42306e8082a7708080a76c8082932e
:108fa4000421027c6c8082a364808427164c400fc9
:108fb4000000000001004238ff0042300d00401064
:108fc400000000005e808297f401422c05004010ee
:108fd400000000005e80829701004224ffff4230bf
:108fe4005e8082a7608080a75c8082930421027cdb
:108ff4005c8082a344808427344c400f000000002e
:109004001c0040100000000044808427ff4c400fe7
:10901400000000006e8082971500401000000000e0
:109024006e808297f401422c0a0040140000000074
:109034006c80829301000324c418627c6c8082a338
:109044006c8082938410027c6c8082a31d24400b6c
:10905400000000006c808293c418027c6c8082a3a0
:109064006c808293010003248410627c6c8082a350
:109074006e8080a764808427344c400f0000000079
:109084001c0040100000000064808427ff4c400f47
:10909400000000005e808297150040100000000070
:1090a4005e808297f401422c0a0040140000000004
:1090b4005c80829301000324c418627c5c8082a3d8
:1090c4005c8082938410027c5c8082a33d24400bec
:1090d400000000005c808293c418027c5c8082a340
:1090e4005c808293010003248410627c5c8082a3f0
:1090f4005e8080a7708082978813422c07004010fe
:10910400000000007080829701004224ffff42307b
:10911400708082a74d24400b000000006c80829375
:10912400010003240421627c6c8082a3708080a7e8
:10913400608082978813422c0700401000000000d2
:109144006080829701004224ffff4230608082a742
:109154005c24400b000000005c8082930100032427
:109164000421627c5c8082a3608080a721e8c00324
:109174001400bf8f1000be8f1800bd270800e00345
:0491840000000000e7
:020000040000fa
:020000041d00dd
:10918800d0ffbd272c00bfaf2800beaf21f0a00341
:10919800211080003400c5af3000c2a71400c0af52
:1091a800010002241800c2af1c00c0afffff022458
:1091b8001000c2af3000c297a600401400000000a3
:1091c8003000c29700a0033cc010020080200200bb
:1091d8002110440080200200211044009c066324d2
:1091e800211043000000429001004238ff00423045
:1091f80098004010000000003000c29700a0033c17
:10920800c0100200802002002110440080200200cb
:10921800211044009c06632421104300010003240c
:10922800000043a03400c28f1c00c2af1c00c28fd4
:109238000400428c1800c2af3000c297c010020070
:1092480080180200211043008018020021104300fa
:1092580000a0033c9c066324211043001400c2af05
:109268001400c28f300042242000c2af2000c28ff9
:1092780001000324000043a001000224211840003b
:109288000100022469006214000000001400c28f6b
:1092980001000324140043ac1400c28f1800c38fcc
:1092a800200043ac1c00c28f1400438c1400c28ff2
:1092b800240043ac1c00c28f1800438c1400c28fda
:1092c8002c0043ac1400c28f050040a01400c28fcc
:1092d800100040ac3000c297c01002008018020095
:1092e8002110430080180200211043003800432455
:1092f80000a0023c9c064224211862001400c28f80
:10930800340043ac1c00c28f0c00438c1400c28f85
:10931800280043ac1800c48fda4e400f000000004c
:109328001c00c28f08004290060040100000000098
:109338001800c48fe64e400f00000000d624400bf2
:10934800000000001800c48fec4e400f0000000021
:109358001800c48f1150400f000000000d0040108d
:10936800000000001c00c28f090042900600401057
:10937800000000001800c48fcf4f400f000000000d
:10938800e724400b000000001800c48fcb4f400fab
:10939800000000001c00c28f1400428c020003244d
:1093a80010004310000000000300032410004310c5
:1093b8000000000001000324030043100000000027
:1093c800ff24400b000000003000c2971400c48f37
:1093d80021284000d948400f00000000ff24400b1e
:1093e8000000000000000000ff24400b0000000007
:1093f800000000001400c28f2c00428c00e0427c68
:109408001800c48f21284000344e400f000000008f
:109418001400c28f02000324140043ac3000c2972a
:109428001000c2af1725400b000000003000c297a3
:1094380000a0033cc010020080200200211044005c
:1094480080200200211044009c0663242110430060
:10945800000040a01000c28f21e8c0032c00bf8f7d
:109468002800be8f3000bd270800e0030000000080
:020000040000fa
:020000041d00dd
:10947800d0ffbd272c00bfaf2800beaf21f0a0034e
:109488003000c4af3000c28f1800c2af1000c0afa8
:109498001800c28f0800438cfeff022403006214e8
:1094a80000000000d125400b000000001800c28f0a
:1094b8001400428c1c00c2af1c00c28f8c004224d6
:1094c8002000c2af1800c28f0800438c020002249b
:1094d80035006214000000002000c28f0000429096
:1094e8001f004010000000002000c28f0c00428cba
:1094f8001b004010000000002000c28f0c00438cad
:109508001c00c28fa800428c0c00621400000000ee
:109518001c00c28fa800428c1c00c38fac00638c57
:109528000c000424212800002130600009f84000c4
:10953800000000005a25400b000000002000c28fe8
:109548000c00428c2000c38f04006394212060002b
:109558000c0005242130000009f84000000000003c
:109568002000c28f01000324000043a02000c28f06
:10957800019d033c788163240c0043ac1c00c28f1e
:10958800180043942000c28f040043a40e00022454
:109598001000c2af1c00c28f240042241400c2afc6
:1095a800a625400b000000001800c28f0400428c62
:1095b80008004014000000002000c28f000040a0f6
:1095c8000f0002241000c2af1400c0afa625400b44
:1095d800000000001800c28f0400428c2c004010cc
:1095e800000000002000c28f0000429028004010b8
:1095f800000000002000c28f010043902000c28fad
:10960800020042902b10620017004010000000007a
:109618001c00c28f9400438c2000c28f010042902e
:10962800212062001c00c28f240043241800c28f2e
:109638000400428c21286000213040000334400f90
:10964800000000002000c28f010043901800c28f64
:109658000400428cff00423021106200ff004330ba
:109668002000c28f010043a02000c28f0100439058
:109678002000c28f020042902b10620004004014a8
:10968800000000000d0002241000c2af1400c0af9b
:109698001000c28f1b004010000000002000c28f85
:1096a8000c00438c1c00c28fa800428c0c00621472
:1096b800000000001c00c28fa800428c1c00c38f51
:1096c800ac00638c1000c48f1400c58f213060007b
:1096d80009f8400000000000c325400b000000000e
:1096e8002000c28f0c00428c2000c38f04006394ba
:1096f800212060001000c58f1400c68f09f84000b3
:10970800000000001c00c28f08000324540043ac72
:109718001c00c28fb400428c3800428c1c00c38fde
:109728001c00648c212800001c00c38f5000632497
:109738002130600009f840000000000021e8c00363
:109748002c00bf8f2800be8f3000bd270800e00323
:04975800000000000d
:020000040000fa
:020000041d00dd
:10975c00c8ffbd273400bfaf3000beaf21f0a0035f
:10976c00211080003c00c5af3800c2a73c00c28f5e
:10977c001800c2af3800c29704004010000000006f
:10978c00ffff02247f26400b000000001800c28f50
:10979c000400401400000000ffff02247f26400b51
:1097ac00000000001800c28f2000428c04004014fe
:1097bc0000000000ffff02247f26400b0000000089
:1097cc003800c497211880000011030021184000b4
:1097dc00801003002310430023104400801002006b
:1097ec0000a0033c7c006324211043001c00c2af8a
:1097fc001c00c28f01000324080043ac1c00c28f64
:10980c003800c397180043a41c00c38f0300629058
:10981c000410027c030062a01800c28f2000438c4d
:10982c001c00c28f0c0043ac1800c28f180043946c
:10983c001c00c28f100043a41800c28f1c00438c64
:10984c001c00c28f140043ac1800c28f2400428c41
:10985c00ff00423007004230ff0044301c00c38f31
:10986c00000062940431827c000062a41c00c28f50
:10987c00880040ac1c00c38f000062940400027c82
:10988c00000062a41c00c38f00006294c439027ce7
:10989c00000062a41c00c38f000062940442027c8e
:1098ac00000062a41c00c28f500042242000c2aff2
:1098bc001c00c28f240043242000c28f000043ac44
:1098cc002000c28f08000324040043ac2000c28f88
:1098dc0001000324100043ac2000c28f080040acf0
:1098ec002000c28f019d033c789463240c0043ac90
:1098fc001c00c38f2000c28f140043ac1c00c28f0d
:10990c002c0042242400c2af2400c28f019d033cd2
:10991c00f8da63240c0043ac1c00c38f2400c28f04
:10992c00140043ac2400c28f01000324100043ac8c
:10993c001c00c38f000062948452027c000062a45d
:10994c001c00c28f9c0040ac1800c28f3000438cae
:10995c001c00c28fb40043ac1800c28f2c0043947f
:10996c001c00c28fb80043a41c00c28f1400428c90
:10997c001400c2af1000c0a37726400b00000000fb
:10998c001400c28f1000428c2800c2af2800c28f76
:10999c0009004010000000002800c28f1000428c0b
:1099ac0005004010000000002800c28f1000428cff
:1099bc0009f84000000000001400c28f140042247b
:1099cc001400c2af1000c293010042241000c2a3c5
:1099dc001000c293ffff43301c00c28f1000429452
:1099ec002b106200e6ff4014000000003800c29704
:1099fc0021e8c0033400bf8f3000be8f3800bd2774
:089a0c000800e0030000000067
:020000040000fa
:020000041d00dd
:109a1400d0ffbd272c00bfaf2800beaf21f0a003ac
:109a24003000c4af3400c5af3800c6af1000c0afbb
:109a34001400c0af1800c0af1c00c0af2000c0affe
:109a44003000c28f00004380210002240400621011
:109a540000000000211000002727400b0000000038
:109a64003000c48f23000524cf4d400f00000000b8
:109a74000400401400000000211000002727400bc0
:109a8400000000003000c48f019d023c9c2f45243f
:109a9400db44400f000000001000c2af3000c48f50
:109aa400019d023ca02f4524db44400f0000000030
:109ab4001400c2af3000c48f019d023ca42f452482
:109ac400db44400f000000001800c2af3000c48f18
:109ad400019d023ca82f4524db44400f00000000f8
:109ae4001c00c2af3000c48f019d023cac2f452442
:109af400db44400f000000002000c2af1000c28f02
:109b04000d004010000000001400c28f0a00401035
:109b1400000000001800c28f070040100000000081
:109b24001c00c28f04004010000000002000c28fff
:109b34000400401400000000211000002727400bff
:109b4400000000001000c28f020042240000428086
:109b5400440003241e004310000000004500432875
:109b640006006010000000004300032413004310ab
:109b740000000000fa26400b0000000053000324fc
:109b8400090043100000000054000324150043148e
:109b9400000000003400c28f02000324000043ac24
:109ba400fd26400b000000003400c28f0100032496
:109bb400000043acfd26400b000000003400c28fbf
:109bc40004000324000043acfd26400b0000000009
:109bd4003400c28f03000324000043acfd26400b75
:109be40000000000211000002727400b00000000a7
:109bf4001400c28f02004224212040002d43400f54
:109c040000000000201e027c3400c28f040043a424
:109c14001800c28f02004224212040002d43400f2f
:109c240000000000201e027c3400c28f060043a402
:109c34001c00c28f02004224212040002d43400f0b
:109c440000000000201e027c3400c28f080043a4e0
:109c54002000c28f02004224212040002d43400fe7
:109c6400000000002400c2af2400c38f01000224be
:109c740006006214000000003800c28f01000324b3
:109c8400000043a02627400b000000003800c28fcc
:109c9400000040a00100022421e8c0032c00bf8f73
:109ca4002800be8f3000bd270800e003000000003c
:020000040000fa
:020000041d00dd
:109cb400c8ffbd273400bfaf3000beaf21f0a00302
:109cc400211880003c00c5af4000c6af2110e00061
:109cd4003800c3a74400c2a33800c2970300401051
:109ce40000000000ce27400b000000003800c2979f
:109cf4008019020000a0023cd00742242110620017
:109d04001c00c2af4000c28f2000c2af2000c28f2f
:109d14000400438c1c00c28f280043ac2000c28f77
:109d24000000438c1c00c28f2c0043ac2000c28f67
:109d34000800438c1c00c28f300043ac1c00c28f4f
:109d4400340040ac1c00c28f380040ac1c00c28ff1
:109d54003c0040ac4c00c293050003242700431090
:109d640000000000240003247100431000000000e0
:109d7400040003240300431000000000ce27400b1e
:109d8400000000005000c28f2400c2af1c00c28f2c
:109d94003c00c38f000043ac2400c28f05004390f5
:109da400020002240b006214000000002400c28f91
:109db4000600439002000224060062140000000022
:109dc4001c00c28f4400c393120043a07e27400ba3
:109dd400000000002400c28f050043900a00022402
:109de40004006214000000001c00c28f4400c393ee
:109df400040043a0ce27400b000000005000c28f97
:109e04002800c2af2800c28f020042902c00c2a3d7
:109e14002c00c283ff004230c2110200ff00423016
:109e24002d00c2a35000c28f04004390050042904d
:109e340000120200251043002e00c2a72800c28f82
:109e44000300429003004230ff004330020002242a
:109e54000b006214000000002d00c29340100200a9
:109e640080180200231862001c00c28f21104300d6
:109e7400060042241800c2afb527400b00000000c2
:109e84002800c28f0300429003004230ff00433099
:109e9400030002240c006214000000002d00c29391
:109ea400401002008018020023186200100062248f
:109eb4001c00c38f21106200040042241800c2afaa
:109ec400b527400b00000000ce27400b0000000027
:109ed4001800c28f2c00c393000043a01800c28f47
:109ee4002e00c397020043a42800c28f03004290af
:109ef4000008427cff0042302e00c4972c00c3931c
:109f04001000a4af3c00c48f212800002130600061
:109f140021384000aa43400f000000001800c28fff
:109f240001000324040043a0ce27400b00000000de
:109f34000000000021e8c0033400bf8f3000be8f52
:0c9f44003800bd270800e003000000000a
:020000040000fa
:020000041d00dd
:109f50000080013c2628a100c24d0400ff002931e9
:109f6000c25d0500ff006b310080073c0042040029
:109f7000254007010052050025504701ffff2d2510
:109f8000fe00a12d6100201000000000ffff6d25e4
:109f9000fe00a12d770020100000000023602b019f
:109fa0000d0080050000000020008129030020141e
:109fb000000000001500001002000a2425300a00ed
:109fc00006508a0104688a011000a61100000000f2
:109fd0000e00001002004a3525480b0023600c00db
:109fe0002000812903002014000000000700001059
:109ff0000200082425300800064088010468880112
:10a000000200a6110000000002000835246087004d
:10a01000266885011000a0050000000021400a010b
:10a020002b680a011700a0110000000001000d318b
:10a030000200a011000000000200083542400800a4
:10a0400001002925ff0001240e0021150000000059
:10a050000c000010000008242b680a010400a01165
:10a0600023400a01234008000300001026608701f6
:10a070005000001100000000203006712348260126
:10a080000440c8000e0020190000000080000825d0
:10a0900080000d2d21482d01026a08000100ad311c
:10a0a00023400d014040080042420800c06d0900f5
:10a0b00025400d0125100c010800e0030000000000
:10a0c000010006242330c9002000c12c39002010d3
:10a0d000000000000080013c2540010120000d240b
:10a0e0002368a6010448a801020020110640c80008
:10a0f000010008350000092480000d25e3ffa105bb
:10a1000000000000e1ff0010010009240e002015ee
:10a1100000000000214008010500001100000000bf
:10a1200020600c7123482c0198ff00100440880126
:10a13000ff0001240f006111000000000080013cbd
:10a140001800a11400000000216808011b00a015e0
:10a1500000000000ff000124140061150000000051
:10a16000266885001500a005000000000d00001005
:10a1700000000000080060150000000021504a01a6
:10a180000a0040110000000020604c7123586c014f
:10a1900082ff001004508a0121684a010700a015bf
:10a1a00000000000c4ff001025100500c2ff0010d1
:10a1b00025100400c0ff001000000224beff0010a4
:08a1c000c0ff023c000000009a
:020000040000fa
:020000041d00dd
:10a1c800c0ffbd273c00bfaf3800beaf21f0a003e1
:10a1d8004000c4af2110a0004400c2a31000c0a3d7
:10a1e8001400c0af4400c2930f0042301800c2a34d
:10a1f8004400c283ff004230c2110200ff00423017
:10a208001c00c2af1800c2930300422c7e0040100d
:10a21800000000004000c38fffff0224740062109a
:10a22800000000004000c28f7100401000000000d4
:10a238004000c28f2000c2af2000c28f3400438c80
:10a248001800c29340100200212040001c00c28f59
:10a2580021108200c010020080200200231082001a
:10a26800211062002400c2af2000c28f2c00438c52
:10a278001800c29340110200212040001c00c28f28
:10a288000011020021108200211062002800c2afd4
:10a298002000c28f0100429001004238ff00423086
:10a2a8001f004010000000002000c28f3000422430
:10a2b8002c00c2afffff02243000c2a72c00c28fbf
:10a2c8000000439001000224060062140000000010
:10a2d8002c00c28f000040a001000224bc28400bc3
:10a2e8000000000021100000211840000100022495
:10a2f80009006214000000002000c28f2800428c70
:10a3080021204000ad47400f000000001000c2a30c
:10a31800ca28400b0000000081ff02241400c2afcd
:10a328001400c28f30004014000000002400c28fc7
:10a338000000428c0c004010000000002400c28f76
:10a348000000428c0800438c0400022406006214ba
:10a35800000000002400c28f1000428c0100433826
:10a368002400c28f100043ac2800c28f000040a018
:10a378002800c28f08004224000040a02400c48f97
:10a38800feff05245342400f000000002000c28f4a
:10a398000100429001004238ff0042301200401094
:10a3a800000000001000c2930700401000000000e9
:10a3b8002000c28f2800428c212000002128400064
:10a3c800f84d400f000000002000c28f30004224ea
:10a3d8003400c2af3400c28f01000324000043a040
:10a3e8000229400b000000000229400b0000000079
:10a3f80083ff02241400c2af0629400b00000000ae
:10a408000629400b0000000084ff02241400c2af9c
:10a418001400c28f21e8c0033c00bf8f3800be8ff4
:0ca428004000bd270800e0030000000019
:020000040000fa
:020000041d00dd
:10a43400e8ffbd271400bfaf1000beaf21f0a0039a
:10a44400211080001c00c5af2000c6af1800c2a7b1
:10a454002000c28f010042902400432c7e00601033
:10a464000000000080180200019d023c84a44224e4
:10a47400211062000000428c08004000000000002f
:10a48400f0a5009df0a5009d5ca6009d5ca6009d26
:10a494005ca6009d5ca6009d5ca6009d5ca6009d3c
:10a4a4005ca6009d5ca6009d5ca6009d5ca6009d2c
:10a4b4005ca6009d5ca6009d5ca6009d5ca6009d1c
:10a4c4005ca6009d5ca6009d5ca6009d5ca6009d0c
:10a4d4005ca6009d5ca6009d5ca6009d5ca6009dfc
:10a4e4005ca6009d5ca6009d5ca6009d5ca6009dec
:10a4f4005ca6009d5ca6009d5ca6009d5ca6009ddc
:10a5040014a5009d5ca5009da4a5009d10a6009d1a
:10a514001c00c28f2000428c0d004010000000007f
:10a524001c00c28f2000428c1800c4971c00c38feb
:10a534002400638c212800002130000021386000b1
:10a5440009f84000000000009e29400b00000000b4
:10a554009e29400b000000001c00c28f2000428c8a
:10a564000d004010000000001c00c28f2000428c2f
:10a574001800c4971c00c38f2400638c01000524b9
:10a58400213000002138600009f84000000000007c
:10a594009e29400b000000009e29400b0000000093
:10a5a4001c00c28f2000428c0e00401000000000ee
:10a5b4001c00c28f2000428c1800c4972000c38f57
:10a5c400020066241c00c38f2400638c020005244f
:10a5d4002138600009f84000000000009e29400b6b
:10a5e400000000009e29400b000000001c00c28fe8
:10a5f4000000428c2120400001000524813e400fd0
:10a60400000000009e29400b000000001c00c28fc7
:10a614002000428c0e004010000000001c00c28f7d
:10a624002000428c1800c4972000c38f02006624c7
:10a634001c00c38f2400638c0300052421386000b0
:10a6440009f84000000000009e29400b00000000b3
:10a654009e29400b000000001c00c28f0000428ca9
:10a664002120400001000524813e400f000000002d
:10a674000000000021e8c0031400bf8f1000be8f4b
:0ca684001800bd270800e00300000000e3
:020000040000fa
:020000041d00dd
:10a69000e0ffbd271c00bfaf1800beaf21f0a00334
:10a6a0002000c4af2400c5af2800c6af2000c28f71
:10a6b0000b00422c84004010000000002000c28fdc
:10a6c00080180200019d023cdca642242110620099
:10a6d0000000428c0800400000000000c8a8009d57
:10a6e000c8a8009d20a7009dc8a8009d84a8009d23
:10a6f000c8a8009dc8a8009d08a7009d34a8009d7b
:10a7000050a8009d64a7009d00a0023ca004422424
:10a7100001000324240043a0332a400b0000000062
:10a72000010004245248400f0000000004000424eb
:10a730005248400f00000000050004246d48400fff
:10a740000000000000a0023ca00442240f0040a032
:10a7500000a0023ca0044224380040a0332a400b51
:10a76000000000002400c28f1000c2af1000c28f92
:10a7700000004390010002242c006214000000003d
:10a78000010004246d48400f000000000400042470
:10a790006d48400f00000000050004245248400f9f
:10a7a0000000000000a0023ca00442242120000080
:10a7b000019d033c44ba6524213040004744400fca
:10a7c0000000000000a0023ca00442240100032479
:10a7d0000f0043a000a0023ca00442240100032477
:10a7e000380043a000a0023c00a0033c8c06648c0f
:10a7f0008c0665240400a68c8c0665240800a58cb4
:10a800008c0663240c00638c7c0644ac7c064424d8
:10a81000040086ac7c064424080085ac7c064224f7
:10a820000c0043ac332a400b00000000332a400bdd
:10a830000000000000a0023ca004428c2120400047
:10a840001447400f00000000332a400b00000000b6
:10a8500000a0023ca004428c21204000f345400fa0
:10a860000000000000a0023ca0044224380040a0e8
:10a8700000a0023ca00442240f0040a0332a400b59
:10a8800000000000010004246d48400f000000009b
:10a89000040004245248400f000000000500042476
:10a8a0005248400f0000000000a0023ca0044224d7
:10a8b000380040a000a0023ca00442240f0040a0a9
:10a8c000332a400b000000000000000021e8c00314
:10a8d0001c00bf8f1800be8f2000bd270800e003ba
:04a8e0000000000074
:020000040000fa
:020000041d00dd
:10a8e400c8ffbd273400bfaf3000beaf21f0a003c6
:10a8f4003800c4af3c00c5af1000c0af1800c0aff3
:10a904003c00c28f1c00c2af1400c0a33800c38f28
:10a91400ffff02247a006210000000003800c28f9a
:10a9240077004010000000001c00c28f6e00401031
:10a93400000000003800c28f1800c2af1c00c28f94
:10a944000800428c03004228630040140000000009
:10a954001800c28f0100429001004238ff004230cb
:10a964001f004010000000001800c28f3000422475
:10a974002000c2afffff02242400c2a72000c28f20
:10a98400000043900100022406006214000000004d
:10a994002000c28f000040a0010002246b2a400b5b
:10a9a40000000000211000002118400001000224d2
:10a9b40009006214000000001800c28f2800428cb5
:10a9c40021204000ad47400f000000001400c2a346
:10a9d400792a400b0000000081ff02241000c2af5e
:10a9e4001000c28f44004014000000001c00c28ffd
:10a9f400feff0324080043ac1c00c28f040040acdb
:10aa04001c00c28f1c00428c1c004010000000007f
:10aa14001c00c28f1c00428c1c00c38f1800638c66
:10aa2400180043ac1c00c28f1800428c0600401072
:10aa3400000000001c00c28f1800428c1c00c38f51
:10aa44001c00638c1c0043ac1c00c28f1c0040ac77
:10aa54001c00c28f180040ac1c00c28f0c00428c3a
:10aa640006004010000000001c00c28f0c00428c45
:10aa74001c00c48f09f84000000000001800c28fb9
:10aa84000100429001004238ff0042301a00401099
:10aa9400000000001400c2930700401000000000f2
:10aaa4001800c28f2800428c212000002128400079
:10aab400f84d400f000000001800c28f30004224ff
:10aac4002800c2af2800c28f01000324000043a065
:10aad400bf2a400b0000000083ff02241000c2af15
:10aae400c32a400b0000000083ff02241000c2af01
:10aaf400c32a400b00000000c32a400b00000000e2
:10ab040083ff02241000c2af1000c28f21e8c003eb
:10ab14003400bf8f3000be8f3800bd270800e0032b
:04ab2400000000002d
:020000040000fa
:020000041d00dd
:10ab2800d0ffbd272c00bfaf2800beaf21f0a00387
:10ab38003000c4af3000c38fffff0224030062144b
:10ab480000000000552b400b000000003000c48faf
:10ab58002118800000110300211840008010030014
:10ab680023104300231044008010020000a0033c7f
:10ab78007c006324211043001800c2af1800c28f64
:10ab88000800428c0300401c00000000552b400bbd
:10ab9800000000001800c28f0000428c4010427c68
:10aba800ff0042301c00c2af1800c28f75004290ef
:10abb8002000c2a71800c28f1400428c1400c2af34
:10abc8001800c28f100042942200c2a71800c28f3a
:10abd8009c00428c06004010000000000100032485
:10abe8001e00431000000000552b400b0000000021
:10abf8001800c28fb400428c0000428c1800c38f2a
:10ac0800b8006394212060000f00052409f8400073
:10ac180000000000211840001800c28f1c0043ac3f
:10ac28001800c28f1c00438cffff02240900621029
:10ac3800000000001800c28f010003249c0043acf0
:10ac48001800c28f02000324080043ac552b400ba8
:10ac580000000000552b400b000000001000c0a3ae
:10ac68004e2b400b000000001400c28f0000438ce4
:10ac78001c00c28f24106200270040100000000052
:10ac88001400c28f040042902000c397220062146f
:10ac9800000000001800c28f0000438c0007023c2f
:10aca800241862000005023c1b006214000000002a
:10acb8001800c28f0000428c8002427cff004230a4
:10acc80001004238ff00423013004010000000002d
:10acd8001400c28f1000428c2400c2af2400c28f1f
:10ace8000d004010000000002400c28f0c00428cb0
:10acf80009004010000000002400c28f0c00428ca4
:10ad08001400c38f0800638cffff633021206000ac
:10ad180009f84000000000001400c28f140042240b
:10ad28001400c2af1000c293010042241000c2a355
:10ad38001000c293ffff42302200c3972b1043003c
:10ad4800c9ff4014000000000000000021e8c00313
:10ad58002c00bf8f2800be8f3000bd270800e003fd
:04ad680000000000e7
:020000040000fa
:020000041d00dd
:10ad6c00c8ffbd273400bfaf3000beaf21f0a00339
:10ad7c003800c4af2110a0003c00c2a31800c0af23
:10ad8c003800c38fffff02247b006210000000001c
:10ad9c003800c28f78004010000000003800c28fcd
:10adac001c00c2af1c00c28f2000428c2000c2af1e
:10adbc001c00c28f3400428c1400c2af3c00c39301
:10adcc001000022425006214000000001000c0af27
:10addc00942b400b000000001000c28fff0042308b
:10adec002000c48f21284000c44d400f00000000fb
:10adfc001400c28f1400428cfeff0424241844005b
:10ae0c001400c28f140043ac1400c28f18004224eb
:10ae1c001400c2af1400c28f1400428cfeff042435
:10ae2c00241844001400c28f140043ac1400c28fc9
:10ae3c00180042241400c2af1000c28f010042243b
:10ae4c001000c2af1000c28f03004228e2ff401472
:10ae5c0000000000e32b400b000000003c00c293fc
:10ae6c000f0042302400c2a33c00c283ff004230da
:10ae7c00c2110200ff0042302800c2af2400c2936e
:10ae8c000300422c38004010000000002400c29344
:10ae9c00401802002800c28f21106200c01002006e
:10aeac0080180200231062001400c38f211062006e
:10aebc001400c2af1400c28f0800428c170040145b
:10aecc00000000002400c2932000c48f2128400001
:10aedc00c44d400f000000001400c28f1400428cbf
:10aeec00feff0424241844001400c28f140043ac49
:10aefc001400c28f180042241400c2af1400c28f79
:10af0c001400428cfeff0424241844001400c28f49
:10af1c00140043ace32b400b000000002400c29350
:10af2c002000c48f212840002800c68f3e4e400fc1
:10af3c00000000002800c28fff0043302400c293a1
:10af4c00211062002400c2a31400c28f1400428c92
:10af5c00feff0424241844001400c28f140043acd8
:10af6c00e32b400b0000000084ff02241800c2af4a
:10af7c00e32b400b0000000083ff02241800c2af3b
:10af8c001800c28f21e8c0033400bf8f3000be8f81
:0caf9c003800bd270800e00300000000a2
:020000040000fa
:020000041d00dd
:10afa800e0ffbd271c00bfaf1800beaf21f0a00313
:10afb80088bf033c00616294010004240421827c60
:10afc800006162a488bf033c00616294010004240c
:10afd8004429827c006162a488bf033c00616294ba
:10afe800010004248431827c006162a488bf033c90
:10aff8000061629401000424c439827c006162a467
:10b0080088bf033c20616294010004244408827cc8
:10b01800206162a45d4b400f0000000088bf033c24
:10b0280020616294010004248410827c206162a45f
:10b038005d4b400f000000005d4b400f000000001a
:10b0480088bf023c1061428cc001427cff00433043
:10b058001000c293c439627c1000c2a388bf023cae
:10b068001061428c8001427cff0043301000c29383
:10b078008431627c1000c2a388bf023c1061428cfc
:10b088004001427cff0043301000c2934429627c97
:10b098001000c2a388bf023c1061428c0001427cb0
:10b0a800ff0043301000c2930421627c1000c2a349
:10b0b80088bf033c206162948410027c206162a4f2
:10b0c8005d4b400f0000000088bf033c2061629484
:10b0d800010004248410827c206162a45d4b400f2f
:10b0e800000000005d4b400f0000000088bf023cdc
:10b0f8001061428cc001427cff0043301000c293b3
:10b10800c418627c1000c2a388bf023c1061428c44
:10b118008001427cff0043301000c2938410627c9f
:10b128001000c2a388bf023c1061428c4001427cdf
:10b13800ff0043301000c2934408627c1000c2a391
:10b1480088bf023c1061428c0001427cff00433002
:10b158001000c2930400627c1000c2a388bf033ca5
:10b16800206162948410027c206162a45d4b400fd0
:10b178000000000088bf033c006162940421027c47
:10b18800006162a488bf033c006162944429027c88
:10b19800006162a488bf033c006162948431027c30
:10b1a800006162a488bf033c00616294c439027cd8
:10b1b800006162a41000c29321e8c0031c00bf8f85
:10b1c8001800be8f2000bd270800e0030000000023
:020000040000fa
:020000041d00dd
:10b1d800d8ffbd272400bfaf2000b3af1c00b2af1b
:10b1e8001800b1af1400b0af4a008004218080007d
:10b1f8006e008228100040100b0082287300401057
:10b208006666023cc0800400019d023cf0d44224e2
:10b21800218002020000028e0400038e2400bf8fea
:10b228002000b38f1c00b28f1800b18f1400b08fac
:10b238000800e0032800bd27eb51023c1f8542347b
:10b248001800820010100000c39704006666133cc3
:10b2580067667326019d113cf0d431264311020024
:10b2680023105200802002000019020021188300d8
:10b2780080200300211864002318030218007300bb
:10b2880010300000c31f030012004224c010020047
:10b29800211051000000448c0400458c83100600e6
:10b2a8002310430009004224c0100200211051005d
:10b2b8000000468c0422400f0400478c180013023b
:10b2c8001098000021204000212860008398130076
:10b2d8002390720240101200c09012002190520078
:10b2e80023801202c0801000218811020000268edf
:10b2f8000422400f0400278e2400bf8f2000b38f44
:10b308001c00b28f1800b18f1400b08f0800e00342
:10b318002800bd27238004006e00022a2200401066
:10b32800eb51023c0b00022a2f004054c080100051
:10b338006666023c6766422418000202101000008c
:10b34800c3271000019d033c40d4632483100200ee
:10b358002310440040280200c02002002120a4003d
:10b368000900422423800402c0100200c08010009b
:10b3780021104300211803020000448c0400458c6e
:10b388000000668c0422400f0400678c2400bf8fe5
:10b398002000b38f1c00b28f1800b18f1400b08f3b
:10b3a8000800e0032800bd271f8542341800020268
:10b3b80010100000c39710006666133c676673267a
:10b3c800019d113c992c400b40d4312667664224dc
:10b3d8001800820010100000c3270400019d033ce0
:10b3e800d52c400bf0d46324019d023c40d4422468
:10b3f800218002020000028e892c400b0400038e7b
:020000040000fa
:020000041d00dd
:10b4080000800b3cc2450400ff000831c25505000e
:10b41800ff004a31003a04002538eb00004a0500d5
:10b4280025482b012670850024586e01ffff0e2544
:10b43800fe00c12d3f00201000000000ffff4e2538
:10b44800fe00c12d53002010000000002b08e90069
:10b4580003002014000000004238070001000825fe
:10b4680082630900f40180011b00ec001220000037
:10b4780010300000ff3f2d311900a40112280000f0
:10b48800803306002b70c5000400c0112330c500ae
:10b49800ffff84242130c9002b70c900f40180010a
:10b4a8001b00cc0012380000103000001900a70162
:10b4b80012280000803306002b70c5000400c0115c
:10b4c8002330c500ffffe7242130c9002b70c900d5
:10b4d800807304002138ee000200c0100039070014
:10b4e8000100e7347e000e242370ca0121400e01ba
:10b4f800ffff0e25fe00c12d3400201000000000c3
:10b508008000e7248000ee2c21400e010272070023
:10b518000100ce312338ee0040380700423a0700d8
:10b52800c07508002538ee002510eb000800e00380
:10b538000000000008000015000000002138e700a6
:10b548000500e010000000002060ec7023400c01b2
:10b55800baff0010043887010400481500000000f5
:10b56800217029012f00c01100000000ff000124f4
:10b578000800411100000000120000110000000046
:10b588002170e7002700c01500000000220000100d
:10b5980000000000080040150000000021482901b3
:10b5a8001d0020110000000020602c7123504c0168
:10b5b800a6ff001004488901217029011900c0154f
:10b5c80000000000d9ff001025100b001200001d1c
:10b5d8000000000001000c24236088012000812d58
:10b5e800f8ff20100000000020000e242370cc017a
:10b5f8000440c70102000011063887010200e73441
:10b60800000008248000ee24bdffc10500000000f2
:10b61800bbff001001000824807f013cc3ff00101d
:10b6280025106101c1ff0010c0ff023c00000000ae
:020000040000fa
:020000041d00dd
:10b63800e8ffbd271400bfaf1000beaf21f0a00384
:10b6480021200000ffff023c2004453401000624ad
:10b658007e4e400f00000000212000000900023c3f
:10b6680000804534974f400f000000002120000063
:10b6780021280000934f400f000000002120000007
:10b68800174f400f00000000212000002128000073
:10b6980021300000964e400f0000000021200000dd
:10b6a80021280000c0800634864e400f00000000ac
:10b6b8002120000021280000f38006348e4e400f20
:10b6c80000000000212000000100052421300000b6
:10b6d800964e400f000000002120000001000524c4
:10b6e80000040624864e400f0000000021200000c0
:10b6f80001000524200406248e4e400f000000009f
:10b70800212000000200052421300000964e400f41
:10b718000000000021200000020005242130000064
:10b72800864e400f00000000212000000200052482
:10b73800213000008e4e400f000000002120000044
:10b748000300052421300000964e400f0000000041
:10b75800212000000300052421300000864e400f00
:10b768000000000021200000030005240700062433
:10b778008e4e400f00000000212000000400052428
:10b7880021300000964e400f0000000021200000ec
:10b798000400052421300000864e400f0000000000
:10b7a80021200000040005240f0006248e4e400fbf
:10b7b80000000000212000000500052421300000c1
:10b7c800964e400f000000002120000005000524cf
:10b7d80021300000864e400f0000000021200000ac
:10b7e80005000524213000008e4e400f00000000a7
:10b7f800212000000600052421300000964e400f4d
:10b80800000000002120000006000524213000006f
:10b81800864e400f0000000021200000060005248d
:10b82800213000008e4e400f0000000021e8c003c8
:10b838001400bf8f1000be8f1800bd270800e0035a
:04b8480000000000fc
:020000040000fa
:020000041d00dd
:10b84c00e8ffbd271400bfaf1000beaf21f0a0036e
:10b85c007c80828f010003247000431000000000e4
:10b86c000100432c060060140000000002000324b9
:10b87c0041004310000000008b2e400b0000000024
:10b88c00a633400f00000000194d400f00000000cf
:10b89c006d44400f00000000f74b400f000000000b
:10b8ac00d540400f0000000000a0023c8c06442450
:10b8bc002542400f0000000000a0023c8c064424ee
:10b8cc006b4a400f000000003a808297b90b422c63
:10b8dc002000401000000000010004240100052499
:10b8ec00d145400f00000000019d023c0c31442466
:10b8fc00a348400f000000000100042402000524ae
:10b90c00d145400f00000000019d023c2031442431
:10b91c00a348400f0000000001000424030005248c
:10b92c00d145400f00000000019d023c34314424fd
:10b93c00a348400f00000000040004242144400fe1
:10b94c00000000003a80829701004224ffff423041
:10b95c003a8082a7c74b400f00000000d74b400f26
:10b96c000000000001000424a34d400f0000000063
:10b97c008b2e400b0000000000a0023ca0044224cf
:10b98c0038004290100040100000000000a0023c63
:10b99c007c0644248042400f0000000000a0023cc2
:10b9ac007c0644248f11400f0000000000a0023cd4
:10b9bc007c06442421280000e407400f000000000e
:10b9cc00822e400b0000000000a0023c8c06442498
:10b9dc008042400f0000000000a0023c8c06442472
:10b9ec008f11400f0000000000a0023c8c06442484
:10b9fc0001000524e407400f0000000004000424ab
:10ba0c008848400f0000000001000424a34d400fa3
:10ba1c00000000008b2e400b000000000000000016
:10ba2c0021e8c0031400bf8f1000be8f1800bd2783
:08ba3c000800e0030000000017
:020000040000fa
:020000041d00dd
:10ba4400d8ffbd272400bfaf2000beaf21f0a00364
:10ba54002800c4af2c00c5af3000c6af3400c7af58
:10ba64003400c28f1000c2af2c00c28f0900422cd8
:10ba740066004010000000002c00c28f80180200f5
:10ba8400019d023c9cba4224211062000000428cb9
:10ba94000800400000000000ecba009dc0ba009d00
:10baa40018bb009d80bb009dfcbb009db0bb009dee
:10bab40010bc009d10bc009ddcbb009d1000c28f1b
:10bac4000000438c1000c28f10004224212060002b
:10bad4002128400007000624223c400f00000000fb
:10bae400052f400b000000001000c28f0000438ca3
:10baf4001000c28f08004224212060002128400049
:10bb040007000624b744400f00000000052f400b37
:10bb1400000000003000c28f1400c2af1400c28fb6
:10bb2400000042900000427cff0044301000c38fac
:10bb3400170062900400827c170062a01400c28f78
:10bb4400000042904000427cff0044301000c38f4c
:10bb5400170062904408827c170062a01000c28f14
:10bb64000000428c2120400021280000813e400f2b
:10bb740000000000052f400b000000003000c28fc1
:10bb8400000043941000c28f260043a41000c28f0b
:10bb94000000428c2120400021280000813e400ffb
:10bba40000000000052f400b000000003000c28f91
:10bbb4001800c2af1000c28f01000324200043a06c
:10bbc4001800c28f0400438c1000c28f340043acb1
:10bbd400052f400b000000001000c28f0000428cb3
:10bbe4002120400021280000813e400f0000000079
:10bbf400052f400b000000001000c28f0100032439
:10bc0400210043a0052f400b0000000000000000ad
:10bc14000000000021e8c0032400bf8f2000be8f75
:0cbc24002800bd270800e003000000001d
:020000040000fa
:020000041d00dd
:10bc3000e0ffbd271c00bfaf1800beaf21f0a0037e
:10bc40002000c4af2110a0002800c6af2400c2a36a
:10bc50002800c28f040042901000c2a32800c28fa7
:10bc6000010042901b004014000000002000c28f21
:10bc7000840040a42000c28fb400428c3400428c67
:10bc80002000c38f1c00648c1000c3932128600027
:10bc900009f8400000000000212040002000c38f70
:10bca000840062940400827c840062a42000c38f1c
:10bcb0002000c28f840042242120600021284000ff
:10bcc00002000624223c400f000000007c2f400ba5
:10bcd000000000002800c28f0100439001000224f0
:10bce00019006214000000002800c28f0200439077
:10bcf000030042900012020025104300ffff423073
:10bd00003b004014000000002000c28fb400428cb1
:10bd10002c00428c2000c38f1c00648c1000c39345
:10bd20002128600009f84000000000002000c28fb8
:10bd30002120400021280000813e400f000000002b
:10bd40007c2f400b000000002800c28f01004390b0
:10bd5000030002241c006214000000002800c28faf
:10bd6000020043900300429000120200251043009d
:10bd7000ffff42301e004014000000002800c28f68
:10bd8000040042901000c2a32000c28fb400428c75
:10bd90002800428c2000c38f1c00648c1000c393c9
:10bda0002128600009f84000000000002000c28f38
:10bdb0002120400021280000813e400f00000000ab
:10bdc0007c2f400b000000002800c28f0100439030
:10bdd0000c00022406006214000000002000c28f44
:10bde0002120400001000524813e400f000000009a
:10bdf00021e8c0031c00bf8f1800be8f2000bd27a4
:08be00000800e003000000004f
:020000040000fa
:020000041d00dd
:10be0800f0ffbd270c00beaf21f0a0031000c4afa7
:10be18001400c5af1800c6af1c00c7af1400c28f0e
:10be28001000428cc01002001000c38f2110620065
:10be38000400c2af1c00c38f010002242500621455
:10be4800000000000400c28f08000324000043a083
:10be58001800c28f0000438c1800c28f0400448c65
:10be68001800c28f2000428c23108200211062002b
:10be780000e0437c0400c28f040043ac1800c28f6a
:10be88002000428c04004014000000000000c0a7fd
:10be9800af2f400b000000001800c28f2000438c19
:10bea8001400c28f040042942b2043000a1064003f
:10beb8000000c2a71800c28f2000438c0000c29760
:10bec800231862001800c28f200043accb2f400b10
:10bed800000000000400c28f000040a01800c28fbc
:10bee8000000438c1800c28f2000428c2110620091
:10bef80000e0437c0400c28f040043ac1800c28fea
:10bf08000400438c1800c28f2000428c2318620062
:10bf18001400c28f040042942b2043000a106400ce
:10bf28000000c2a70400c28f000042908431027c46
:10bf3800ff0043300400c28f000043a00400c28ffa
:10bf4800000043901400c28f0c00428cff00423066
:10bf580080110200ff00423025106200ff004330cc
:10bf68000400c28f000043a00400c28f0000c397e2
:10bf7800020043a40400c28f0000439080ff022403
:10bf880025106200ff0043300400c28f000043a068
:10bf98001400c28f1000428c010043381400c28f75
:10bfa800100043ac1400c28f0c00428c01004338cf
:10bfb8001400c28f0c0043ac21e8c0030c00be8ff4
:0cbfc8001000bd270800e003000000008e
:020000040000fa
:020000041d00dd
:10bfd400e0ffbd271c00bfaf1800b2af1400b1af23
:10bfe4001000b0af6e00822c35004010218080001c
:10bff4000b00822c10004010019d023cc080040004
:10c0040040d44224218002020000048e0400058ee4
:10c01400019d023c50f4468c0422400f54f4478c9a
:10c024001c00bf8f1800b28f1400b18f1000b08fa6
:10c034000800e0032000bd27cccc113ccdcc313628
:10c044001900910010880000019d123c40d4522632
:10c05400019d023c50f4468c54f4478cc288110074
:10c0640009002226c0100200211052000000448c56
:10c074000422400f0400458c40201100c0881100a8
:10c084002188910023801102ff001032c08010002b
:10c09400219012020000468e0400478e21204000a9
:10c0a4000422400f212860001c00bf8f1800b28fab
:10c0b4001400b18f1000b08f0800e0032000bd27ea
:10c0c400eb51123c1f85523619009200109000006b
:10c0d400019d113c40d43126019d023c50f4468c14
:10c0e40054f4478c4291120012004226c010020000
:10c0f400211051000000448c0422400f0400458ca0
:10c1040080201200009112002190920080301200d1
:10c114002130460223300602cccc123ccdcc523620
:10c12400ff00c6301900d20010300000212040006a
:10c1340021286000f800c630213026024c00c78c4c
:10c144000422400f4800c68c19001202109000000f
:10c154002120400021286000c290120040101200eb
:10c16400c09012002190520023801202ff0010326e
:10c17400c0801000218811020000268e0422400f86
:10c184000400278e1c00bf8f1800b28f1400b18fdb
:0cc194001000b08f0800e0032000bd2761
:020000040000fa
:020000041d00dd
:10c1a000e8ffbd271400beaf21f0a0031800c4af04
:10c1b0001c00c5af2000c6af0500c0a30200c0a789
:10c1c0001c00c28f020042900600c2a30400c0a35c
:10c1d0001800c28f1c00428c0000428c000042906c
:10c1e000feff4224ff004230421002000500c2a3bd
:10c1f0000500c2930a004010000000001800c28f22
:10c2000018004290ffff43240500c2931a00620009
:10c21000f401400010100000121000000400c2a33e
:10c220001c00c28f020042900400c3932b106200d6
:10c2300044004014000000000600c2930d004014aa
:10c24000000000001800c28f1c00428c0000428ccd
:10c250000800c2af2000c28f0800c38f000043acab
:10c260000800c28f000042900200c2a7ce30400bef
:10c27000000000001c00c28f0400439005004290a3
:10c2800000120200251043000c00c2a70100022486
:10c290000000c2a7c830400b000000001800c28f89
:10c2a0001c00428c0000438c0000c297401002002a
:10c2b00021106200000042940e00c2a70e00c39736
:10c2c0000c00c29713006214000000001800c28f17
:10c2d0001c00438c0000c4970600c2931800820023
:10c2e0001210000080100200211062000000428c39
:10c2f0000800c2af2000c28f0800c38f000043ac0b
:10c300000800c28f000042900200c2a7ce30400b4e
:10c31000000000000000c297010042240000c2a7f4
:10c320000500c293ffff42300000c3972b1043006b
:10c33000daff4010000000000200c297d230400b2c
:10c34000000000002110000021e8c0031400be8f8f
:0cc350001800bd270800e00300000000fa
:020000040000fa
:020000041d00dd
:10c35c00c23d0400ff00e730c24d0500ff0029314b
:10c36c0000800a3c003204002530ca00004205005f
:10c37c0025400a012660850024504c01ffffec2467
:10c38c00fe00812d2100201000000000ffff2c2555
:10c39c00fe00812d36002010000000001900c8009e
:10c3ac001258000002006011103000000100c63469
:10c3bc000300c0040000000040300600ffffe7242b
:10c3cc0082ff2c252138ec00ffffec24fe00812d90
:10c3dc003a002010000000008000c6248000cc2c05
:10c3ec002138ec000262060001008c312330cc00b5
:10c3fc004030060042320600c06507002530cc00f4
:10c40c002510ca000800e003000000000d00e01435
:10c41c00000000002130c6000500c0100000000024
:10c42c002058cb702338eb00d8ff00100430660185
:10c43c00ff0001241f002111000000001500001056
:10c44c00000000002160c6001a00801500000000ea
:10c45c000400201500000000216008011500801167
:10c46c0000000000ff0001240f0021150000000057
:10c47c000a002015000000002140080105000011f1
:10c48c000000000020580b7123482b01c3ff001043
:10c49c0004406801dbff001025100a002160080130
:10c4ac000400801500000000807f013cd5ff0010c7
:10c4bc0025104101d3ff0010c0ff023cfaffe01c25
:10c4cc000000000001000b24235867012000612d9f
:10c4dc00f0ff20100000000020000c2423608b01d2
:10c4ec00043886010200e010063066010200c634f2
:10c4fc00000007248000cc24b7ff81050000000059
:0cc50c00b5ff0010010007240000000033
:020000040000fa
:020000041d00dd
:10c51800e0ffbd271c00bfaf1800beaf21f0a0038d
:10c52800211080002400c5af2800c6af2000c2a794
:10c538002000c2970300401000000000ae31400bfd
:10c54800000000002000c2978019020000a0023cf1
:10c55800d0074224211062001000c2af1000c28f21
:10c568000000428c1400c2af2400c28f0e000324c6
:10c5780009004310000000000f0003243d00431091
:10c58800000000000d0003242800431000000000f4
:10c59800ae31400b000000002800c28f000042901e
:10c5a8002000423007004014000000001400c48f2f
:10c5b80001000524813e400f000000008b31400b34
:10c5c800000000002800c28f0100429010004004c3
:10c5d800000000000200432805006014000000006d
:10c5e800e0ff42240400422c090040100000000033
:10c5f8002000c297212040001000c58f2800c68f58
:10c608000d29400f000000008b31400b0000000096
:10c618001400c48f01000524813e400f0000000073
:10c6280000000000ae31400b000000001000c28f77
:10c638002000428c0d004010000000001000c28f46
:10c648002000428c2000c4971000c38f2400638c04
:10c6580008000524213000002138600009f8400056
:10c6680000000000ae31400b00000000ae31400b6e
:10c67800000000001000c28f2000428c0b00401008
:10c68800000000001000c28f2000428c2000c497d8
:10c698001000c38f2400638c07000524213000009c
:10c6a8002138600009f84000000000000000000088
:10c6b80021e8c0031c00bf8f1800be8f2000bd27d3
:08c6c8000800e003000000007f
:020000040000fa
:020000041d00dd
:10c6d0000c0000a00200000000000000000200a00a
:10c6e0006002000000000000880100a04c00000073
:10c6f00001000000c8fb009dd4fb009dd4fb009d01
:10c70000d4fb009de0fb009dfcfb009d10fc009d08
:10c7100028fc009d38fc009d40fc009d4cfc009dc9
:10c7200064fc009d7cfc009d90fc009d98fc009d9d
:10c7300098fc009d98fc009d98fc009d98fc009d35
:10c74000100000a00c000000000000001c0000a071
:10c750000400000000000000600400a07c00000055
:10c7600000000000200000a0020000000000000007
:10c77000dc0400a09001000000000000d40100a033
:10c780001400000001000000e004019de804019d88
:10c79000f004019dfc04019d0805019d000000a01e
:10c7a00008000000010000000a0000000100000075
:10c7b000220000a004000000000000006c0600a0a1
:10c7c0001000000000000000260000a0060000008d
:10c7d000000000007c0600a0200000000000000017
:10c7e0009c0600a0c800000000000000380100a066
:10c7f000500000000100000080ed009df822019d26
:10c800001c04019dd023019d502b019d3c24019dc2
:10c81000fc13019dd819019d047e009d6cad009d07
:10c820006c73009d3c8b009d0c00019de000019d00
:10c830002068009de4a8009dc8a1009d9c28019d42
:10c84000f828019d000000007c0000a0bc00000052
:10c8500000000000640700a0ac0000000000000021
:10c86000100800a04400000000000000080000a024
:10c8700004000000010000000200000000000000b1
:020000040000fa
:020000041d00dd
:10c88000f0ffbd270c00beaf21f0a0031000c4af25
:10c890002110a0001400c2a31000c28f0500429016
:10c8a0000400c2a31000c28f0000428c060040109a
:10c8b00000000000010003241700431000000000e6
:10c8c0007d32400b000000000400c28f8000427cdb
:10c8d000ff0042302b1002000000c2a31400c393db
:10c8e0000000c2930a006210000000000400c2931e
:10c8f0001400c3938410627c0400c2a31000c28f92
:10c9000001000324000043ac7d32400b0000000016
:10c910007d32400b000000000400c28f8000427c8a
:10c92000ff0042302b1002000000c2a31400c3938a
:10c930000000c29326006214000000001000c28fa5
:10c940000400429001004224ff0043301000c28fd7
:10c95000040043a01000c28f04004390050002248d
:10c960002b10620022004014000000000400c2935b
:10c970001400c393c418627c0400c2a30400c293d1
:10c9800008004230ff004230070040140000000061
:10c990000400c293010003240400627c0400c2a3cb
:10c9a0006e32400b000000000400c293010003241b
:10c9b0004408627c0400c2a31000c28f000040ac97
:10c9c0001000c28f040040a07c32400b0000000029
:10c9d0001000c28f040040a00400c2931400c3934f
:10c9e0008410627c0400c2a37c32400b0000000073
:10c9f000000000001000c28f0400c393050043a094
:10ca000021e8c0030c00be8f1000bd270800e00322
:04ca10000000000022
:020000040000fa
:020000041d00dd
:10ca1400e0ffbd271c00beaf21f0a0032000c4af7f
:10ca24002400c5af0000c0af0800c0af2000c28f13
:10ca34000c00428c0c00c2af2000c28f0000428c5c
:10ca44000e004330020002241600621400000000ad
:10ca54002400c28f020043900c00c28f0400429055
:10ca64002b10620022004010000000000c00c28f56
:10ca74000800428c1e004010000000000c00c28f11
:10ca84000800438c2400c28f0200429080100200f0
:10ca9400211062000000428c0000c2afbd32400b86
:10caa400000000002400c28f020043900c00c28fdb
:10cab400100042902b1062000d0040100000000096
:10cac4000c00c28f1400428c0900401000000000ca
:10cad4000c00c28f1400438c2400c28f02004290c9
:10cae40080100200211062000000428c0000c2afde
:10caf4000000c28f23004010000000000000c28f1d
:10cb040002004390030042900012020025104300eb
:10cb1400ffff42300400c2af2400c28f06004390de
:10cb2400070042900012020025104300ffff42302c
:10cb3400211840000400c28f2b106200080040102e
:10cb4400000000002400c28f0600439007004290ba
:10cb54000012020025104300ffff42300400c2af60
:10cb64000400c28f0900422c06004014000000009b
:10cb74000400c28ff8ff42240800c2af0800022458
:10cb84000400c2af21e8c0031c00be8f2000bd27f3
:08cb94000800e00300000000ae
:020000040000fa
:020000041d00dd
:10cb9c00e0ffbd271c00bfaf1800beaf21f0a00303
:10cbac002000c4af1400c0a321f800000080024094
:10cbbc0021f84000f8ff03242410e30303005f3442
:10cbcc0000809f4088bf023c0d50400f0040443411
:10cbdc002d004010000000002000c38fc901023c52
:10cbec0081c342342b10620003004010000000008f
:10cbfc001533400b1000c0af2000c38f9303023cd1
:10cc0c00018742342b106200040040100000000029
:10cc1c00010002241533400b1000c2af2000c38f5b
:10cc2c00c404023c01b442342b10620004004010d6
:10cc3c0000000000020002241533400b1000c2afac
:10cc4c00030002241000c2afae4e400f21200000a2
:10cc5c00010042302b1002001400c2a31000c28f3e
:10cc6c0088bf033c004064340d4f400f2128400026
:10cc7c001400c29304004010000000006c4e400fe2
:10cc8c00212000001400c0a3ae4e400f2120000054
:10cc9c00010042302b1002001400c2a388bf023cda
:10ccac000f50400f004044340500401000000000bd
:10ccbc0088bf023c00404434124f400f030005244f
:10cccc0088bf023c0b50400f00204434050040103c
:10ccdc000000000088bf023c00204434034f400f8a
:10ccec00212800001400c293030040100000000033
:10ccfc006c4e400f2120000021e8c0031c00bf8fa8
:10cd0c001800be8f2000bd270800e00300000000c3
:020000040000fa
:020000041d00dd
:10cd1c000f000000405088bf0000000039000000e8
:10cd2c000200000001000000000400a00000000050
:10cd3c0000000000000000000000000001000000e6
:10cd4c0001000000010000000200000001000200d0
:10cd5c000000000048cd009df83b019d120100022f
:10cd6c0002000008d8040a000001010200010000c2
:10cd7c0009024300020100c0320904000001020252
:10cd8c0001000524002001042402020524060001f0
:10cd9c0005240100010705810310000209040100ac
:10cdac00020a00000007050202400000070582028b
:10cdbc00400000007ccd009d0403090434034d00a9
:10cdcc006900630072006f00630068006900700006
:10cddc00200054006500630068006e006f006c005a
:10cdec006f0067007900200049006e0063002e0080
:10cdfc002e03530069006d0070006c00650020006c
:10ce0c0043004400430020004400650076006900a4
:10ce1c00630065002000440065006d006f00000099
:10ce2c00c4cd009dc8cd009dfccd009d68cd009d5e
:10ce3c0001000000c0cd009d0000000000000000bb
:10ce4c0000000000030000002cce009d000000003c
:10ce5c0000000000000000000f00000000000000b7
:10ce6c0000000000000000000000000000000000b6
:10ce7c000100000054cd009d38ce009d0200000042
:0cce8c000000000000000000380100a0c1
:020000040000fa
:020000041d00dd
:10ce9800e8ffbd271400bfaf1000beaf21f0a0030c
:10cea80088bf033c006162940400027c006162a4b4
:10ceb80088bf033c006162944408027c006162a45c
:10cec80088bf033c006162948410027c006162a404
:10ced80088bf033c00616294c418027c006162a4ac
:10cee80088bf033c206162948410027c206162a4a4
:10cef800010004247849400f0000000088bf033c6b
:10cf0800206162940400027c206162a488bf033c13
:10cf1800206162944408027c206162a432000424e7
:10cf28005646400f0000000003000424d23d400f85
:10cf380000000000060004245646400f00000000d0
:10cf480003000424d23d400f000000000600042422
:10cf58005646400f0000000003000424d23d400f55
:10cf680000000000060004245646400f00000000a0
:10cf780002000424d23d400f0000000021200000e0
:10cf880028000524f641400f000000002800042472
:10cf98007849400f00000000212000000c00052403
:10cfa800f641400f00000000280004247849400f93
:10cfb800000000002120000001000524f641400f78
:10cfc80000000000020004245646400f0000000044
:10cfd8002120000006000524f641400f0000000053
:10cfe800280004247849400f0000000021e8c0030d
:10cff8001400bf8f1000be8f1800bd270800e00383
:04d008000000000024
:020000040000fa
:020000041d00dd
:10d00c00211080005600c0100c00ca2c4d00401599
:10d01c002618a40003006330233804002900601094
:10d02c000300e7300600e0102330c7000000a3988f
:10d03c000300a3882128a700000083b821208700c3
:10d04c000f00c3302338c3001100e0102130600002
:10d05c002138e5000000a3980300a3880400a898d9
:10d06c000700a8880800a9980b00a9880c00aa98aa
:10d07c000f00aa88000083ac040088ac080089acbf
:10d08c001000a52410008424f2ffa714fcff8aac26
:10d09c000300c3302338c3002a00e01021306000a5
:10d0ac002138e5000000a3980300a3880400a52400
:10d0bc0004008424fbffa714fcff83ac21000010a8
:10d0cc00000000000500e0102330c7000000a3980a
:10d0dc002128a700000083b8212087000f00c3304f
:10d0ec002338c3000d00e010213060002138e5002a
:10d0fc000000a38c0400a88c0800a98c0c00aa8c3e
:10d10c00000083ac040088ac080089ac1000a52496
:10d11c0010008424f6ffa714fcff8aac0300c33074
:10d12c002338c3000700e010213060002138e500ef
:10d13c000000a38c0400a52404008424fcffa71485
:10d14c00fcff83ac0600c0102138c5000000a39082
:10d15c000100a52401008424fcffa714ffff83a079
:10d16c000800e0030000000000008a9021108000fd
:10d17c0003004015000000000800e003000002243a
:10d18c0001008a9003004015000000000800e00335
:10d19c000100022402008a900300401500000000e8
:10d1ac000800e0030200022403008a9003004015eb
:10d1bc00822004000800e003030002240100842400
:10d1cc008020040000008a8c0101093c01012935f2
:10d1dc00c07909002340490124400f0106000011c9
:10d1ec0024600a01040088110000000000008a90ed
:10d1fc00220000100000842404008b8c2340690161
:10d20c0024400f010600001124600b01040088115a
:10d21c000000000004008a90180000100400842410
:10d22c0008008a8c2340490124400f01060000119c
:10d23c0024600a01040088110000000008008a9094
:10d24c000e000010080084240c008b8c2340690114
:10d25c0024400f010600001124600b01040088110a
:10d26c00000000000c008a90040000100c008424c4
:10d27c0010008a8cd7ff0010100084240400401585
:10d28c0000000000000084240800e003231082004a
:10d29c0001008a9004004015000000000100842465
:10d2ac000800e0032310820002008a90040040155d
:10d2bc0000000000020084240800e0032310820018
:10d2cc0003008a90030084240800e00323108200ea
:020000040000fa
:020000041d00dd
:10d2dc00c0ffbd273c00bfaf3800beaf21f0a0039c
:10d2ec004000c4af2000c0a74000c28f7c00428c1d
:10d2fc002400c2af2800c0a32900c0a32c00c0afdb
:10d30c002400c28f020043900300429000120200de
:10d31c00251043003000c2a70535400b000000006b
:10d32c002400c28f010042903200c2a33200c3938a
:10d33c00040002240e006214000000002c00c0af98
:10d34c002400c28f020042902800c2a32400c28f86
:10d35c00030042902900c2a32800c2932120400060
:10d36c004000c58f093a400f000000002c00c2afee
:10d37c002c00c28f19004010000000002c00c28f3e
:10d38c001000428c3400c2af3400c28f1300401026
:10d39c00000000003400c28f0000428c2c00c38fb0
:10d3ac000800638cffff64304000c58f2c00c38fd6
:10d3bc000c00668c2800c3932900c7931000a7affc
:10d3cc003200c7931400a7af2400c78f1800a7af73
:10d3dc002138600009f84000000000002400c28fd2
:10d3ec0000004290211840002000c29721106200da
:10d3fc002000c2a72400c28f000042902400c38fdb
:10d40c00211062002400c2af2000c3973000c297e5
:10d41c002b106200c2ff40140000000021e8c00382
:10d42c003c00bf8f3800be8f4000bd270800e003d2
:04d43c0000000000ec
:020000040000fa
:020000041d00dd
:10d44000000000000000f03f9a9999999999b93f1e
:10d450007b14ae47e17a843ffca9f1d24d62503f84
:10d460002d431cebe2361a3ff168e388b5f8e43e41
:10d470008dedb5a0f7c6b03e48afbc9af2d77a3e64
:10d480003a8c30e28e79453e95d626e80b2e113e39
:10d49000bbbdd7d9df7cdb3d2342920ca19cc73baf
:10d4a000a0c2ebfe4b48b4399c577727266ca137b6
:10d4b0001fb8d44a7aee8d3526a6acaa04b67933c5
:10d4c0009d358f1de915663123614d17acf8522f3c
:10d4d0006f0e9984d94b402d30058ee42eff2b2bf7
:10d4e000acf74e15927e681659f3f8c21f6ea5016f
:10d4f000000000000000f03f000000000000244099
:10d5000000000000000059400000000000408f4073
:10d51000000000000088c34000000000006af840de
:10d520000000000080842e4100000000d012634102
:10d530000000000084d797410000000065cdcd4178
:10d54000000000205fa00242408cb5781daf15445a
:10d55000ea8ca039593e2946a55cc3f129633d48b0
:10d560009a647ec50e1b514a44f3c2e4e4e9634c5d
:10d570003dc7ddd6ba2e774e5ffbf051effc8a50e7
:10d58000c75929090f6b9f527dc39425ad49b254e9
:10d590005a62d7d718e774699c7500883ce4377ed7
:020000040000fa
:020000041d00dd
:10d5a000d0ffbd272c00bfaf2800beaf21f0a003e5
:10d5b0003000c4af3400c5af2110c0003800c2a392
:10d5c00088bf033c2060629401000424c439827c3b
:10d5d000206062a43400c28f0000428c0200032449
:10d5e00011004310000000000300432c06006010ef
:10d5f00000000000010003241000431000000000a0
:10d600009e35400b0000000003000324150043106a
:10d6100000000000040003240d004310000000007f
:10d620009e35400b00000000019d023cb02f4224bb
:10d630002000c2afa235400b00000000019d023c5b
:10d64000b42f42242000c2afa235400b00000000de
:10d65000019d023cb82f42242000c2afa235400bee
:10d6600000000000019d023cbc2f42242000c2affc
:10d67000a235400b00000000019d023cb42f422463
:10d680002000c2af000000003400c28f04004284ba
:10d690003400c38f06006384212860003400c38fe8
:10d6a00008006384212060003800c3931000a5aff8
:10d6b0001400a4af1800a3af3000c48f019d033c39
:10d6c000c02f65242000c68f21384000ac49400f90
:10d6d0000000000088bf033c20606294c439027cd3
:10d6e000206062a421e8c0032c00bf8f2800be8ff9
:0cd6f0003000bd270800e003000000002f
:020000040000fa
:020000041d00dd
:10d6fc0000e85d4100701b4002601a4088ffbd27a6
:10d70c007400bbaf00601b406c00baaf7000bbafc5
:10d71c0044781b7c000c7b3700609b401c00a3af43
:10d72c001800a2af6c00a38f0f00633012006014be
:10d73c00000000005c00bfaf5800beaf5400b9af92
:10d74c005000b8af4c00afaf4800aeaf4400adaf27
:10d75c004000acaf3c00abaf3800aaaf3400a9af6f
:10d76c003000a8af2c00a7af2800a6af2400a5afaf
:10d77c002000a4af1400a1af0000000012100000a4
:10d78c006400a2af101800006000a3af21f0a0034a
:10d79c001f3b400f00000000212000000400052466
:10d7ac00ee4d400f0000000021e8c0036400a28f82
:10d7bc00130040006000a38f110060006c00a28f6a
:10d7cc000f00423014004014000000005c00bf8fba
:10d7dc005800be8f5400b98f5000b88f4c00af8fdb
:10d7ec004800ae8f4400ad8f4000ac8f3c00ab8f37
:10d7fc003800aa8f3400a98f3000a88f2c00a78f77
:10d80c002800a68f2400a58f2000a48f1c00a38fb6
:10d81c001800a28f1400a18f00000000006060416e
:10d82c00c00000007400ba8f7000bb8f00709a406b
:10d83c006c00ba8f7800bd2702609a4000e8dd4189
:08d84c0000609b40180000423f
:020000040000fa
:020000041d00dd
:10d8540000e85d4100701b4002601a4088ffbd274c
:10d864007400bbaf00601b406c00baaf7000bbaf6c
:10d8740044781b7c00107b3700609b401c00a3afe6
:10d884001800a2af6c00a38f0f0063301200601465
:10d89400000000005c00bfaf5800beaf5400b9af39
:10d8a4005000b8af4c00afaf4800aeaf4400adafce
:10d8b4004000acaf3c00abaf3800aaaf3400a9af16
:10d8c4003000a8af2c00a7af2800a6af2400a5af56
:10d8d4002000a4af1400a1af00000000121000004b
:10d8e4006400a2af101800006000a3af21f0a003f1
:10d8f40000a0023c000242240800428c2120400087
:10d90400293f400f0000000021e8c0036400a28ffb
:10d91400130040006000a38f110060006c00a28f10
:10d924000f00423014004014000000005c00bf8f60
:10d934005800be8f5400b98f5000b88f4c00af8f81
:10d944004800ae8f4400ad8f4000ac8f3c00ab8fdd
:10d954003800aa8f3400a98f3000a88f2c00a78f1d
:10d964002800a68f2400a58f2000a48f1c00a38f5d
:10d974001800a28f1400a18f000000000060604115
:10d98400c00000007400ba8f7000bb8f00709a4012
:10d994006c00ba8f7800bd2702609a4000e8dd4130
:08d9a40000609b4018000042e6
:020000040000fa
:020000041d00dd
:10d9ac00e0ffbd271c00bfaf1800beaf21f0a003e5
:10d9bc00211080002000c2a380bf023c00544434dc
:10d9cc00eb4f400f000000000a0040100000000068
:10d9dc0080bf023c00544434e84f400f000000006c
:10d9ec001000c2a380bf023c005444348f4f400f40
:10d9fc000000000080bf023c00544434674f400fcd
:10da0c000000000080bf023c00544434734f400fb0
:10da1c00000000000000000080bf023c00544434b1
:10da2c00e54f400f0000000001004238ff0042307b
:10da3c00f9ff40140000000080bf023c0054443445
:10da4c00e84f400f000000001000c2a300000000cf
:10da5c0080bf023c005444348b4f400f0000000048
:10da6c0001004238ff004230f9ff40140000000072
:10da7c002000c293080040100000000080bf023c50
:10da8c000054443401000524ae4d400f000000004a
:10da9c00ae36400b0000000080bf023c0054443402
:10daac0021280000ae4d400f0000000000000000d7
:10dabc0080bf023c005444348b4f400f00000000e8
:10dacc0001004238ff004230f9ff40140000000012
:10dadc001000c29321e8c0031c00bf8f1800be8f3a
:0cdaec002000bd270800e003000000003f
:020000040000fa
:020000041d00dd
:10daf800d8ffbd272400bfaf2000beaf21f0a00390
:10db08002800c4af2800c28f1000c2af1000c28f17
:10db18001400428c1400c2af1400c28f8c0042243f
:10db28001800c2af1000c28f0800438cfeff022409
:10db380003006214000000000b37400b00000000d7
:10db48001400c28f0000428cc001427cff004230aa
:10db580016004010000000001400c28fb400428c70
:10db68000c00428c1400c38f1c00648c1400c38ffb
:10db7800740063902128600009f84000000000004c
:10db88001400c38f00006294c439027c000062a4b0
:10db98001400c38f03006290040004240410827ce4
:10dba800030062a00137400b000000001400c28f80
:10dbb8000000428c0002427cff0042300f004010ff
:10dbc800000000001400c38f000062940442027c2d
:10dbd800000062a41400c28fb400428c4c00428c36
:10dbe8001400c38f1c00648c1400c38f0200639060
:10dbf8002128600009f84000000000001000c28fd2
:10dc08000800428c07004014000000001000c28f7a
:10dc18000400428c03004014000000001800c28f6a
:10dc2800000040a021e8c0032400bf8f2000be8f61
:0cdc38002800bd270800e00300000000e9
:020000040000fa
:020000041d00dd
:10dc440000e85d4100701b4002601a4088ffbd2758
:10dc540000601b407000baaf7400bbaf44781b7cfb
:10dc6400001c7b3700609b401c00a3af1800a2afd0
:10dc74007000a38f0f0063301200601400000000d6
:10dc84005c00bfaf5800beaf5400b9af5000b8af8e
:10dc94004c00afaf4800aeaf4400adaf4000acaff6
:10dca4003c00abaf3800aaaf3400a9af3000a8af36
:10dcb4002c00a7af2800a6af2400a5af2000a4af76
:10dcc4001400a1af00000000121000006400a2af15
:10dcd400101800006000a3af21f0a003804a400f99
:10dce40000000000212000000c000524ee4d400f30
:10dcf4000000000021e8c0036400a28f130040006c
:10dd04006000a38f110060007000a28f0f004230ea
:10dd140014004014000000005c00bf8f5800be8f48
:10dd24005400b98f5000b88f4c00af8f4800ae8fad
:10dd34004400ad8f4000ac8f3c00ab8f3800aa8ffd
:10dd44003400a98f3000a88f2c00a78f2800a68f3d
:10dd54002400a58f2000a48f1c00a38f1800a28f7d
:10dd64001400a18f000000007400bb8f7000ba8ff4
:10dd74007800bd2702609a4000e8dd4100609b40c6
:04dd84001800004241
:020000040000fa
:020000041d00dd
:10dd8800e0ffbd271c00bfaf1800b1af1400b0af53
:10dd98000c00a29402004330480060102180a000cb
:10dda800000243301c0060100400a38c00024534bc
:10ddb8000c0005a61c006010ff0091300a00042426
:10ddc8001f002412800042301000028e36006210bc
:10ddd800010063240000028e01004424000004ae08
:10dde800040003ae000051a00100032400a0023c7f
:10ddf800500843a00a000224180022520c0003967f
:10de0800211020021c00bf8f1800b18f1400b08fa2
:10de18000800e0032000bd272800601400024534f4
:10de28000c0005a6ff0091300800048e000004ae27
:10de38000a000424e5ff24561000028e80004230b8
:10de4800e2ff40541000028e0d0004246237400f98
:10de5800212800027437400b0400038e0001633050
:10de6800e8ff60100a0002240e0004960800058ee0
:10de7800fa43400f0400068e0400038e0600435048
:10de88000800038e0c000296ffff11243000423474
:10de98000c0002a60800038e040000ae2110200228
:10dea8008337400b000003ae2024117ce438400f78
:10deb800212800028437400b1c00bf8f8337400b9a
:04dec800ffff022432
:020000040000fa
:020000041d00dd
:10decc00e8ffbd271400bfaf1000beaf21f0a003c8
:10dedc0080bf023c005e44349f4f400f00000000a6
:10deec0080bf023c005e44346f4b400f00000000ca
:10defc0080bf023c005e4434a34f400f0000000082
:10df0c0080bf023c005e443401000524b94d400f33
:10df1c000000000080bf023c005e44342128000059
:10df2c00754e400f00000000212000004b4d400fab
:10df3c000000000080bf033c005e643421284000d8
:10df4c003101023c002d4634104b400f0000000004
:10df5c0080bf023c005e4434212800001c4f400f5f
:10df6c000000000080bf023c005e44340100052428
:10df7c00264f400f0000000080bf023c005e44347e
:10df8c0021280000214f400f0000000080bf023c00
:10df9c00005e4434a74f400f0000000080bf023cdd
:10dfac00005e4434af4f400f0000000080bf023cc5
:10dfbc00005e4434ab4f400f0000000080bf023cb9
:10dfcc00005e44349b4f400f0000000080bf023cb9
:10dfdc00005e428c748082af80bf023c305e428c0b
:10dfec00788082af21e8c0031400bf8f1000be8f71
:0cdffc001800bd270800e0030000000032
:020000040000fa
:020000041d00dd
:10e00800d8ffbd272400bfaf2000beaf21f0a0037a
:10e018002800c4af2110a0003000c6af2c00c2a356
:10e028002800c28f8c0042241000c2af2c00c2937b
:10e03800212040002800c58f093a400f0000000049
:10e048001400c2af1400c28f2e0040100000000060
:10e058001400c28f1000428c230040100000000002
:10e068001400c28f1000428c1800c2af1800c28f73
:10e078000800428c15004010000000001800c28ff4
:10e088000800438c1000c28f0c0043ac1400c28ff0
:10e098000800428cffff43301000c28f040043a4e5
:10e0a8001000c28f0c00428c1000c38f04006394d0
:10e0b800212060000e0005243000c68f09f84000ba
:10e0c800000000004838400b000000002800c48f02
:10e0d8000e0005243000c68f0343400f00000000e7
:10e0e8004838400b000000002800c48f0e000524ab
:10e0f8003000c68f0343400f000000004838400b33
:10e10800000000002800c28f2120400001000524e3
:10e11800813e400f0000000021e8c0032400bf8fab
:10e128002000be8f2800bd270800e0030000000083
:020000040000fa
:020000041d00dd
:10e13800d8ffbd272400bfaf2000beaf21f0a00349
:10e148002800c4af2800c28f1400428c8019020036
:10e1580000a0023cd0074224211062001000c2af88
:10e168002800c28f1400c2af2800c28f0400428c5e
:10e178001800c2af2800c28f0800428c0600401069
:10e18800000000002800c28f0800438c0100022410
:10e1980004006214000000001c00c0af7f38400b70
:10e1a800000000002800c28f0800438cfdff0224f5
:10e1b80005006214000000009eff02241c00c2af8c
:10e1c8007f38400b000000002800c28f0800438cf5
:10e1d800fcff022405006214000000009fff0224d7
:10e1e8001c00c2af7f38400b00000000a0ff0224d3
:10e1f8001c00c2af1000c28f3800428cffff4324be
:10e208001000c28f380043ac1000c28f2000428c2f
:10e218000c004010000000001000c28f2000428c4b
:10e228002800c38f1400648c1000c38f2400638cf3
:10e238001400c627050005242138600009f84000ad
:10e248000000000021e8c0032400bf8f2000be8f1b
:0ce258002800bd270800e00300000000c3
:020000040000fa
:020000041d00dd
:10e26400d8ffbd272400bfaf2000beaf21f0a0031c
:10e274002800c4af2800c28f1400428c8019020009
:10e2840000a0023cd0074224211062001000c2af5b
:10e294002800c28f1400c2af2800c28f0400428c31
:10e2a4001800c2af2800c28f0800428c060040103c
:10e2b400000000002800c28f0800438c01000224e3
:10e2c40004006214000000001c00c0afca38400bf8
:10e2d400000000002800c28f0800438cfdff0224c8
:10e2e40005006214000000009eff02241c00c2af5f
:10e2f400ca38400b000000002800c28f0800438c7d
:10e30400fcff022405006214000000009fff0224a9
:10e314001c00c2afca38400b00000000a0ff02245a
:10e324001c00c2af1000c28f3400428cffff432494
:10e334001000c28f340043ac1000c28f2000428c06
:10e344000c004010000000001000c28f2000428c1e
:10e354002800c38f1400648c1000c38f2400638cc6
:10e364001400c627040005242138600009f8400081
:10e374000000000021e8c0032400bf8f2000be8fee
:0ce384002800bd270800e0030000000096
:020000040000fa
:020000041d00dd
:10e39000e8ffbd271400bfaf1000b0af2180a00080
:10e3a0000c00a294400043301c0060141800a4a389
:10e3b000020043303d006050300042341000a38c16
:10e3c0001b0060500e00a4940800a58c2d00a050e6
:10e3d00000a0053c0400068efa43400f0e00049690
:10e3e0000800028e1800a38301004424ffff0524c7
:10e3f000040005ae000004ae000043a01800a28394
:10e400000a000324130043500c0003961400bf8f2e
:10e410001000b08f0800e0031800bd272014047c12
:10e420001400bf8f1000b08f0800e0031800bd2754
:10e430001800a527fa43400f01000624040000ae8f
:10e440001800a2831400bf8f1000b08f0800e003f3
:10e450001800bd2700016330edff60101400bf8f6e
:10e460000e0004960800058efa43400f0400068e45
:10e470000800038e1800a283040000ae0339400b8d
:10e48000000003ae1008a524200003240800423435
:10e49000080005ae000005ae100003ae040003ae98
:10e4a0000c0002a6f638400b200006240c00a2a4a3
:0ce4b0000400a0ac0339400bffff022465
:020000040000fa
:020000041d00dd
:10e4bc00feff092440500500405807002558640110
:10e4cc002558660125504b01030040150000000043
:10e4dc003c000010000002240200801040400500a7
:10e4ec0001000825e0ff013c010021342b0801014b
:10e4fc0037002010000000000200c0104040070050
:10e50c0001000825e0ff013c010021342b0801012a
:10e51c002f002010000000001600a10400000000d5
:10e52c000300e0040000000026000010ffff02249e
:10e53c002b508600232086002b58aa002328aa00e3
:10e54c002b50a70025504b01030040112328a70096
:10e55c001c000010010002242550a40003004011ef
:10e56c000000000017000010ffff0224150000102f
:10e57c00000002240300e104000000001100001060
:10e58c00010002242b508600232086002b58aa0061
:10e59c002328aa002b50a70025504b010300401143
:10e5ac002328a70007000010ffff02242550a40019
:10e5bc0003004011000000000200001001000224c2
:10e5cc00000002240800e00300000000000000002e
:0ce5dc00fcff00102510090000000000ea
:020000040000fa
:020000041d00dd
:10e5e800d8ffbd272400bfaf2000beaf1c00b0afce
:10e5f80021f0a0032800c4af2c00c5af2110c00033
:10e608003000c2a72800c28f1400c2af3000c297e2
:10e618000300401400000000bb39400b000000005c
:10e628005b3d400f00000000ae0004240d3e400f8b
:10e63800000000002c00c28fff0042302120400063
:10e648000d3e400f00000000a240400f00000000f7
:10e65800af0004240d3e400f000000001000c0a7ca
:10e66800b439400b000000001000c3973000c29777
:10e67800ffff42240a006214000000001000c29745
:10e688001400c38f21806200212000006b36400fe8
:10e6980000000000000002a2b139400b0000000099
:10e6a8001000c2971400c38f218062000100042467
:10e6b8006b36400f00000000000002a21000c29755
:10e6c800010042241000c2a71000c3973000c2976f
:10e6d8002b106200e4ff4014000000003646400f93
:10e6e8000000000021e8c0032400bf8f2000be8f77
:10e6f8001c00b08f2800bd270800e00300000000c0
:020000040000fa
:020000041d00dd
:10e70800e8ffbd271400bfaf1000beaf21f0a00383
:10e718001800c4af21200000df49400f00000000ae
:10e728002120000021280000074c400f00000000b5
:10e73800da4d400f0000000021204000e732400f72
:10e74800000000007d4c400f00000000554a400fbb
:10e75800000000009841400f00000000c741400f32
:10e768000000000021200000019d023c1ccd452432
:10e778006224400f000000002118400000a0023c65
:10e7880000024224080043ac212000002d0005248b
:10e7980004000624954a400f0000000021200000d4
:10e7a8002d00052421300000fc4a400f0000000025
:10e7b8008e2d400f00000000264d400f0000000085
:10e7c80021200000019d023c64ce4524d725400f3e
:10e7d800000000002118400000a0023c0002422472
:10e7e8000c0043ac006002400100423400608240eb
:10e7f800c0000000e23b400f00000000484e400f00
:10e808000000000021e8c0031400bf8f1000be8f75
:0ce818001800bd270800e003000000000d
:020000040000fa
:020000041d00dd
:10e82400e8ffbd271400beaf21f0a0032110800033
:10e834001c00c5af1800c2a31c00c28f1000429474
:10e844000800c2a71c00c28f1400428c0400c2af8f
:10e854001c00c28f0000428c4010427cff004230fa
:10e864000a00c2a31c00c28f750042900b00c2a311
:10e874000000c0a3443a400b000000000400c28f13
:10e884000000438c0a00c293241062001900401057
:10e89400000000000400c28f040042900b00c393e8
:10e8a40014006214000000000400c28f05004290ae
:10e8b4001800c3932b1062000e00401400000000e7
:10e8c4001800c3930400c28f050042902120400029
:10e8d4000400c28f06004290211082002a106200b8
:10e8e40004004010000000000400c28f4b3a400bab
:10e8f400000000000400c28f140042240400c2afd0
:10e904000000c293010042240000c2a30000c2938d
:10e91400ffff42300800c3972b104300d7ff401479
:10e92400000000002110000021e8c0031400be8f85
:0ce934001800bd270800e00300000000f0
:020000040000fa
:020000041d00dd
:10e94000e0ffbd271c00bfaf1800beaf21f0a00341
:10e95000211080002000c2a72000c29703004010b1
:10e9600000000000913a400b000000002000c39717
:10e9700000a0023c80190300d0074224211062004d
:10e980000000428c1000c2af2000c2978019020024
:10e9900000a0023cd007422421106200060042245d
:10e9a0001400c2af1000c48f1400c58f7147400f10
:10e9b000000000002000c2978011020006004324de
:10e9c00000a0023cd007422421106200060042242d
:10e9d0001400c2af1000c48f1400c58f7147400fe0
:10e9e000000000002000c2978011020010004324a4
:10e9f00000a0023cd00742242110620004004224ff
:10ea00001400c2af1000c48f1400c58f7147400faf
:10ea1000000000002000c29780110200160043246d
:10ea200000a0023cd00742242110620004004224ce
:10ea30001400c2af1000c48f1400c58f7147400f7f
:10ea40000000000021e8c0031c00bf8f1800be8f2b
:0cea50002000bd270800e00300000000cb
:020000040000fa
:020000041d00dd
:10ea5c00d0ffbd272c00bfaf2800beaf21f0a00314
:10ea6c003000c4af1000c0a33000c28f0000428c35
:10ea7c004010427cff0042301800c2af3000c28f01
:10ea8c00750042901c00c2a73000c28f1000429447
:10ea9c001e00c2a73000c28f1400428c1400c2affb
:10eaac001000c0a3d13a400b000000001400c28f2c
:10eabc000000438c1800c28f241062001800401014
:10eacc00000000001400c28f040042901c00c39789
:10eadc0013006214000000001400c28f1000428c5e
:10eaec002000c2af2000c28f0d00401000000000bb
:10eafc002000c28f0400428c09004010000000006e
:10eb0c002000c28f0400428c1400c38f0800638c59
:10eb1c00ffff63302120600009f840000000000076
:10eb2c001400c28f140042241400c2af1000c29310
:10eb3c00010042241000c2a31000c293ffff423018
:10eb4c001e00c3972b104300d8ff40140000000098
:10eb5c0021e8c0032c00bf8f2800be8f3000bd27da
:08eb6c000800e00300000000b6
:020000040000fa
:020000041d00dd
:10eb7400e8ffbd271400beaf21f0a0031800c4af06
:10eb84002110a0002000c6af1c00c2a30000c0a733
:10eb94001800c28f7c00428c0400c2af0400c28ff4
:10eba400020043900300429000120200251043002b
:10ebb4000800c2a7143b400b000000000400c28ff1
:10ebc400010042900a00c2a30a00c3930400022475
:10ebd40007006214000000000400c28f020043908a
:10ebe4002000c28f000043a0093b400b000000003e
:10ebf4000a00c39305000224090062140000000007
:10ec04000400c28f020042901c00c39304006214eb
:10ec140000000000010002241a3b400b0000000029
:10ec24000400c28f00004290211840000000c297e7
:10ec3400211062000000c2a70400c28f00004290ad
:10ec44000400c38f211062000400c2af0000c39708
:10ec54000800c2972b106200d8ff40140000000087
:10ec64002110000021e8c0031400be8f1800bd2746
:08ec74000800e00300000000ad
:020000040000fa
:020000041d00dd
:10ec7c00e8ffbd271400bfaf1000beaf21f0a0030a
:10ec8c00010004248848400f0000000088bf023cab
:10ec9c001061428c0002427cff0042302b100200bb
:10ecac00ff00443088bf023c1061428c4002427c21
:10ecbc00ff0042302b100200ff00453088bf023ca1
:10eccc00d060428cc001427cff0042302b1002000d
:10ecdc00ff00433088bf023c9061428c0003427cb1
:10ecec00ff0042302b100200ff0042302130600048
:10ecfc00213840009923400f000000003680829795
:10ed0c00b70b422c070040100000000036808297a1
:10ed1c0001004224ffff4230368082a75a3b400b51
:10ed2c0000000000388082930900422c070040103c
:10ed3c00000000003880829301004224ff00423022
:10ed4c00388082a35a3b400b0000000002000424d0
:10ed5c00a34d400f00000000388080a321e8c003c1
:10ed6c001400bf8f1000be8f1800bd270800e003f1
:04ed7c000000000093
:020000040000fa
:020000041d00dd
:10ed8000f0ffbd270c00beaf21f0a00321108000d2
:10ed90001400c5af1000c2a7ffff02240000c2afdd
:10eda0001000c29731004014000000001000c2970c
:10edb00000a0033c9c066324c010020080200200d7
:10edc0002110440080200200211044002110620024
:10edd0001400438c0200022424006214000000008e
:10ede0001000c29700a0033cc01002008020020067
:10edf0002110440080200200211044009c0663245e
:10ee0000211043000500429001004238ff004230cb
:10ee100016004010000000001000c29700a0033c44
:10ee2000c010020080200200211044008020020057
:10ee3000211044009c066324211043000100032498
:10ee4000050043a01000c297c01002008018020005
:10ee500021104300801802002110430000a0033c51
:10ee60009c066324211043000000c2af0000c28f43
:10ee700021e8c0030c00be8f1000bd270800e0038e
:04ee8000000000008e
:020000040000fa
:020000041d00dd
:10ee84000020202020202020202028282828282076
:10ee9400202020202020202020202020202020206e
:10eea40020801010101010101010101010101010de
:10eeb40010040404040404040404041010101010c6
:10eec4001010414141414141010101010101010190
:10eed40001010101010101010101010110101010e2
:10eee4001010424242424242020202020202020262
:10eef40002020202020202020202020210101010b6
:10ef040020000000000000000000000000000000dd
:10ef140000000000000000000000000000000000ed
:10ef240000000000000000000000000000000000dd
:10ef340000000000000000000000000000000000cd
:10ef440000000000000000000000000000000000bd
:10ef540000000000000000000000000000000000ad
:10ef6400000000000000000000000000000000009d
:10ef7400000000000000000000000000000000008d
:04ef84000000000089
:020000040000fa
:020000041d00dd
:10ef8800f8ffbd270400beaf21f0a00300a0023c9b
:10ef9800a0044224040040ac00a0023cffff03246c
:10efa800a00443ac00a0023ca00442240f0040a0ef
:10efb80000a0023ca004422480250324100043ac96
:10efc80000a0023ca0044224150040a000a0023c7e
:10efd800a0044224150040a000a0023ca004422442
:10efe80008000324160043a000a0023ca004422409
:10eff800ffff0324180043ac00a0023ca0044224f5
:10f00800ffff03241c0043ac00a0023ca0044224e0
:10f0180001000324200043a000a0023ca0044224d5
:10f0280001000324210043a000a0023ca0044224c4
:10f03800230040a000a0023ca0044224280040acc9
:10f0480000a0023ca0044224240040a000a0023cee
:10f05800a0044224220040a000a0023ca0044224b4
:10f0680000a0033c60046324300043ac21e8c003e3
:10f078000400be8f0800bd270800e0030000000060
:020000040000fa
:020000041d00dd
:10f08800e0ffbd271c00bfaf1800beaf21f0a003f2
:10f098002000c4af2400c5af2800c6af2000c48f2d
:10f0a8003347400f000000001000c2af1000c28fad
:10f0b80004004014000000008bff02245c3c400b5d
:10f0c800000000001000c28f2c0042241400c2afc0
:10f0d8001400c28f2400c38f000043ac1400c28ff9
:10f0e8002800c38f040043ac1000c28fb0004294c4
:10f0f800211840002800c28f06006214000000009a
:10f108001400c28f02000324100043ac513c400b92
:10f11800000000001000c28fb00042942118400087
:10f128002800c28f2b10430004004010000000008c
:10f138001400c28f01000324100043ac1000c28fda
:10f14800b400428c3800428c1000c38f1c00648cc1
:10f1580080000324212860001400c68f09f84000ad
:10f16800000000002110000021e8c0031c00bf8f30
:10f178001800be8f2000bd270800e0030000000033
:020000040000fa
:020000041d00dd
:10f18800d8ffbd272400bfaf2000beaf21f0a003e9
:10f198002800c4af2c00c5af2110c0003000c2a7a2
:10f1a8002800c28f1400c2af1000c0a7963c400bc5
:10f1b800000000005b3d400f00000000ae0004248a
:10f1c8000d3e400f000000002c00c28fff004330ae
:10f1d8001000c297ff00423021106200ff00423049
:10f1e800212040000d3e400f000000001000c29793
:10f1f8001400c38f211062000000429021204000bb
:10f208000d3e400f000000003646400f0000000091
:10f218005b3d400f00000000ae0004240d3e400f8f
:10f22800000000001800c2a33646400f000000008e
:10f238001800c293f6ff4010000000003646400f49
:10f24800000000001000c297010042241000c2a76d
:10f258001000c3973000c2972b106200d5ff4014ee
:10f268000000000021e8c0032400bf8f2000be8feb
:0cf278002800bd270800e0030000000093
:020000040000fa
:020000041d00dd
:10f28400f0ffbd270c00beaf21f0a00321108000c9
:10f294001400c5af1000c2a71000c29704004010ac
:10f2a40000000000ffff0224db3c400b00000000d4
:10f2b4001000c49700a0053c211880000011030031
:10f2c4002118400080100300231043002310440041
:10f2d400801002007c00a324211043000800438c0a
:10f2e400020002240400621000000000ffff022458
:10f2f400db3c400b000000001000c4972118800084
:10f304000011030021184000801003002310430063
:10f31400231044008010020000a0033c7c006324fe
:10f32400211043000000c2af0000c28fa40042902d
:10f3340001004238ff0042300a0040100000000083
:10f344000000c28f01000324a40043a00000c28f68
:10f3540001000324a00043ac0000c28fdb3c400b3f
:10f3640000000000ffff022421e8c0030c00be8f50
:0cf374001000bd270800e00300000000ae
:020000040000fa
:020000041d00dd
:10f38000286e756c6c2900003031323334353637d5
:10f3900038394142434445460000000030313233a1
:10f3a00034353637383961626364656600000000c1
:10f3b00001000000000000000a0000000000000042
:10f3c0006400000000000000e803000000000000ee
:10f3d0001027000000000000a086010000000000cf
:10f3e00040420f00000000008096980000000000de
:10f3f00000e1f5050000000000ca9a3b0000000093
:10f4000000e40b540200000000e8764817000000fa
:10f410000010a5d4e800000000a0724e18090000fa
:10f4200000407a10f35a00000080c6a47e8d0300cd
:10f430000000c16ff286230000008a5d78456301f9
:10f44000000064a7b3b6e00d0000e8890423c78a72
:10f45000000000000000e03f000000000000f03f5e
:10f4600000000000000024409a9999999999b93fa9
:08f4700095d626e80b2e114091
:020000040000fa
:020000041d00dd
:10f47800e8ffbd271400beaf21f0a0031800c4aff9
:10f4880001000224513d400b0000c2af2b3d400b50
:10f498000400c0af000000000400c28f0100422435
:10f4a8000400c2af0400c28f1100422cf9ff4014bf
:10f4b800000000000000c38f1800c28f060062140d
:10f4c8000000000000000000000000000000000034
:10f4d8004e3d400b000000000800c0af0800c28f7e
:10f4e800010042240800c2af0800c28f0100422474
:10f4f8000800c2af0800c28f010042240800c2af52
:10f508000800c28f010042240800c2af0800c28f61
:10f51800010042240800c2af0800c28f0100422443
:10f528000800c2af0000000000000000000000005a
:10f538000000c28f010042240000c2af0000c38f48
:10f548001800c28f2b104300d0ff401000000000ad
:10f5580021e8c0031400be8f1800bd270800e0038f
:04f56800000000009f
:020000040000fa
:020000041d00dd
:10f56c00e8ffbd271400bfaf1000beaf21f0a00311
:10f57c000000000080bf023c005444345a4e400f3f
:10f58c000000000001004238ff004230f9ff401437
:10f59c000000000080bf023c00544434eb4f400f8d
:10f5ac0000000000050040100000000080bf023c7d
:10f5bc00005444348f4f400f0000000080bf023cc9
:10f5cc0000544434e24f400f00000000050040108e
:10f5dc000000000080bf023c00544434874f400fb1
:10f5ec000000000080bf023c005444346b4f400fbd
:10f5fc000000000080bf023c00544434d94f400f3f
:10f60c000000000080bf023c00544434634f400fa4
:10f61c00000000000000000080bf023c0054443495
:10f62c00d34f400f0000000001004238ff00423071
:10f63c00f9ff40140000000021e8c0031400bf8f44
:10f64c001000be8f1800bd270800e003000000006a
:020000040000fa
:020000041d00dd
:10f65c00e8ffbd271400bfaf1000beaf21f0a00320
:10f66c00211080001800c2a380bf023c0054443417
:10f67c005f4f400f0000000080bf023c0054443438
:10f68c00574f400f000000001800c2930d004010af
:10f69c0000000000212000004b4d400f0000000036
:10f6ac0080bf033c00546434212840000600023c17
:10f6bc00801a46346f4c400f00000000be3d400bda
:10f6cc0000000000212000004b4d400f0000000006
:10f6dc0080bf033c00546434212840000100023cec
:10f6ec00a08646346f4c400f0000000080bf023ce7
:10f6fc0000544434534f400f0000000080bf023cc4
:10f70c00005444345b4f400f0000000080bf023cab
:10f71c000054428c808082af80bf023c4054428cab
:10f72c00848082af21e8c0031400bf8f1000be8f0d
:0cf73c001800bd270800e00300000000da
:020000040000fa
:020000041d00dd
:10f74800e0ffbd271c00bfaf1800beaf21f0a0032b
:10f75800211080002000c2a32000c2931000c2a381
:10f768001000c28fc000427cff00443088bf033cb9
:10f7780020616294c439827c206162a41000c28f27
:10f788008000427cff00443088bf033c20616294c3
:10f798008431827c206162a41000c28f4000427cc8
:10f7a800ff00443088bf033c206162944429827c76
:10f7b800206162a41000c28f0000427cff00443028
:10f7c80088bf033c206162940421827c206162a48a
:10f7d8005d4b400f0000000088bf033c206162942d
:10f7e800010004248410827c206162a45d4b400fd8
:10f7f800000000005d4b400f0000000088bf033c84
:10f80800206162948410027c206162a45d4b400fe9
:10f818000000000021e8c0031c00bf8f1800be8f45
:0cf828002000bd270800e00300000000e5
:020000040000fa
:020000041d00dd
:10f83400e0ffbd271c00bfaf1800beaf21f0a0033e
:10f84400211080002000c2a30000000080bf023c01
:10f85400005444345a4e400f000000000100423866
:10f86400ff004230f9ff40140000000000000000d7
:10f8740080bf023c005444347b4f400f0000000022
:10f8840001004238ff004230f9ff4014000000003c
:10f894002000c29380bf033c0054643421284000fc
:10f8a400df4f400f000000000000000080bf023c5a
:10f8b40000544434dc4f400f00000000fbff4014b0
:10f8c400000000000000000080bf023c00544434eb
:10f8d4007f4f400f0000000001004238ff0042301b
:10f8e400f9ff40140000000080bf023c005444347f
:10f8f400834f400f000000001000c2a31000c29309
:10f9040021e8c0031c00bf8f1800be8f2000bd2754
:08f914000800e0030000000000
:020000040000fa
:020000041d00dd
:10f91c000055a77cffffe224fe07422cc24f0500d6
:10f92c002d0040100098a57c01fce6243f00c8285f
:10f93c00211080001000033c2c0000112518a3009e
:10f94c002700c0043500c5281400a0143400052479
:10f95c00cdfbe72442300400271007000428e30005
:10f96c00061046002000e3300438e400252845004a
:10f97c002110e0000b1003000a38a3002118e0004e
:10f98c001300201100000000231002002b200200a5
:10f99c00231803000800e00323186400f8ffc510c7
:10f9ac0040280300330402242338470027100700a3
:10f9bc00042845000610e4002000e4300618e3009b
:10f9cc002510a2000b106400efff20150b1804008b
:10f9dc000800e003000000000500e05421100000c6
:10f9ec00211000000800e003211800002110000085
:08f9fc000800e0030080033c59
:020000040000fa
:020000041d00dd
:10fa0400e0ffbd271c00bfaf1800beaf21f0a0036c
:10fa14002000c4af2400c5af2000c48f3347400f7b
:10fa2400000000001000c2af1000c28f0400401498
:10fa3400000000008bff0224b43e400b00000000d5
:10fa44001000c28f8c0040a02400c38f0100022448
:10fa54000c006214000000001000c28fb400428c3d
:10fa64002800428c1000c38f1c00648c8000032487
:10fa74002128600009f8400000000000b33e400b5c
:10fa8400000000001000c28f2c0042241400c2affa
:10fa94001400c28f000040ac1400c28f040040acbc
:10faa4001000c28fb400428c3800428c1000c38f07
:10fab4001c00648c80000324212860001400c68f7d
:10fac40009f84000000000002110000021e8c003f4
:10fad4001c00bf8f1800be8f2000bd270800e00364
:04fae400000000001e
:020000040000fa
:020000041d00dd
:10fae800350038003b003e004100440047004a0012
:10faf8004d004f0052005400560059005a005c0057
:10fb08005e005f00600062006200630064006400e1
:10fb180064006400640063006200620060005f00cb
:10fb28005e005c005a0059005600540052004f0015
:10fb38004d004a004700440041003e003b003800a9
:10fb4800350032002f002c00290026002300200059
:10fb58001d001a0017001500120010000e000b00ff
:10fb68000a00080006000500040002000200010067
:10fb78000000000000000000010001000200020077
:10fb880003000400060008000a000b000e00100025
:10fb98001200150017001a001d002000230026007f
:10fba80029002c002f003200005043490000803ffc
:10fbb8000000003f0000c8420000484200401c46c8
:10fbc800496e74657272757074000000556e6465d4
:10fbd80066696e65640000004c6f61642f66657429
:10fbe80063682061646472657373206572726f72f2
:10fbf8000000000053746f7265206164647265735d
:10fc080073206572726f7200496e737472756374d3
:10fc1800696f6e20627573206572726f72000000e2
:10fc28004461746120627573206572726f7200009e
:10fc380053797363616c6c00427265616b706f69b4
:10fc48006e740000526573657276656420696e7320
:10fc58007472756374696f6e00000000436f707290
:10fc68006f636573736f7220756e757361626c650f
:10fc78000000000041726974686d65746963206fe3
:10fc8800766572666c6f77005472617000000000d0
:0cfc980052657365727665640000000020
:020000040000fa
:020000041d00dd
:10fca400e0ffbd271c00bfaf1800beaf21f0a003ca
:10fcb4002000c4af1000c0af2000c28fc0100200eb
:10fcc4008018020021104300801802002110430014
:10fcd40000a0033c9c066324211043001000c2af23
:10fce4001000c28f01000324010043a01000c28f42
:10fcf4002800428c2120000021284000ee4d400fb6
:10fd0400000000001000c28f2400428c0200032473
:10fd14000e00431000000000030003240e004310f3
:10fd24000000000001000324030043100000000051
:10fd3400583f400b000000001000c48fb30e400f6a
:10fd440000000000583f400b0000000000000000cd
:10fd5400583f400b00000000000000001000c28f5c
:10fd6400010040a021e8c0031c00bf8f1800be8f13
:0cfd74002000bd270800e0030000000094
:020000040000fa
:020000041d00dd
:10fd8000a8ffbd270400a1af0800a2af0c00a3afdd
:10fd90001000a4af1400a5af1800a6af1c00a7afb9
:10fda0002000a8af2400a9af2800aaaf2c00abaf59
:10fdb0003000acaf3400adaf3800aeaf3c00afaff9
:10fdc0004000b8af4400b9af4800bfaf12400000d8
:10fdd0004c00a8af104000005000a8af019d1a3c95
:10fde000902c5a2700000000006804400060054085
:10fdf00009f84003000000005000a88f1100000126
:10fe00004c00a88f130000010400a18f0800a28fee
:10fe10000c00a38f1000a48f1400a58f1800a68fcc
:10fe20001c00a78f2000a88f2400a98f2800aa8f6c
:10fe30002c00ab8f3000ac8f3400ad8f3800ae8f0c
:10fe40003c00af8f4000b88f4400b98f4800bf8f8f
:0cfe50005800bd27c00000001800004250
:020000040000fa
:020000041d00dd
:10fe5c00e8ffbd271400bfaf1000beaf21f0a00318
:10fe6c0088bf033c60606294010004248452827c4d
:10fe7c00606062a4308082976400422c02004014bf
:10fe8c0000000000308080a730808297211840004d
:10fe9c0000a0023c80180300dc0442242110620004
:10feac000000428cffff423021200000212840003e
:10febc00ac42400f000000003080829701004224c9
:10fecc00ffff4230308082a730808397eb51023c99
:10fedc001f8542341900620010100000421102000c
:10feec0080100200802002002110440080200200bb
:10fefc002110440023106200ffff4230308082a7a3
:10ff0c0088bf033c606062948452027c606062a48f
:10ff1c0021e8c0031400bf8f1000be8f1800bd274e
:08ff2c000800e00300000000e2
:020000040000fa
:020000041d00dd
:10ff3400e8ffbd271400bfaf00a0023c0800428cbc
:10ff44000a004014211880000000023c00004224f2
:10ff5400200040100000023c0000000c00000000e3
:10ff64001400bf8f0800e0031800bd2780bf043cc5
:10ff740010608424fbff80101400bf8f010005244f
:10ff84001b00451080bf023c80bf023c2068422415
:10ff940080bf053c1868a52480bf063c0868c624b9
:10ffa40080bf043c10688424008007340000c7ac80
:10ffb400000406240000a6ac0000858c0001a530d6
:10ffc400fdffa01000000000000043acda3f400b2e
:10ffd4001400bf8f00004224ecff401080bf023c9d
:10ffe4000000000c00000000da3f400b1400bf8f3b
:10fff4002060422480bf053c1860a52480bf063cd5
:020000041d01dc
:08000400eb3f400b0860c6242d
:020000040000fa
:020000041d01dc
:10000c00e8ffbd271400beaf21f0a0031800c4af59
:10001c002110a0001c00c2a30000c0a31c00c293ae
:10002c000f0042300100c2a31c00c283ff0042300b
:10003c00c2110200ff0042300400c2af1800c38f8f
:10004c00ffff02241d006210000000001800c28f88
:10005c001a004010000000000100c2930300422c63
:10006c0016004010000000001800c28f0800c2af3c
:10007c000800c28f3400438c0100c2934010020070
:10008c00212040000400c28f21108200c010020009
:10009c008020020023108200211062000c00c2afed
:1000ac000c00c28f1400428c01004230030040103f
:1000bc0000000000010002240000c2a30000c29353
:1000cc0021e8c0031400be8f1800bd270800e00310
:0400dc000000000020
:020000040000fa
:020000041d01dc
:1000e000e8ffbd271400beaf21f0a0031800c4af85
:1000f0002110a0001c00c2a31c00c2930f004230bc
:100100000100c2a31c00c283ff004230c2110200e2
:10011000ff0042300400c2af0000c0a31800c38f2c
:10012000ffff02241d006210000000001800c28fb3
:100130001a004010000000001800c28f0800c2af73
:100140000100c2930300422c140040100000000084
:100150000800c28f3400438c0100c293401002009b
:10016000212040000400c28f21108200c010020034
:100170008020020023108200211062000c00c2af18
:100180000c00c28f1400428c020042300300401069
:1001900000000000010002240000c2a30000c2937e
:1001a00021e8c0031400be8f1800bd270800e0033b
:0401b000000000004b
:020000040000fa
:020000041d01dc
:1001b800286e756c6c29000030313233343536378f
:1001c800383941424344454600000000303132335b
:1001d800343536373839616263646566000000007b
:1001e80001000000000000000a00000000000000fc
:1001f8006400000000000000e803000000000000a8
:100208001027000000000000a08601000000000088
:1002180040420f0000000000809698000000000097
:1002280000e1f5050000000000ca9a3b000000004c
:1002380000e40b540200000000e8764817000000b4
:100248000010a5d4e800000000a0724e18090000b4
:1002580000407a10f35a00000080c6a47e8d030087
:100268000000c16ff286230000008a5d78456301b3
:10027800000064a7b3b6e00d0000e8890423c78a2c
:020000040000fa
:020000041d01dc
:10028800e8ffbd271400bfaf1000beaf21f0a003e8
:1002980080bf023c00544434eb4f400f0000000084
:1002a800050040100000000080bf023c00544434a8
:1002b8008f4f400f0000000080bf023c00544434c0
:1002c800e24f400f00000000050040100000000051
:1002d80080bf023c00544434874f400f00000000a8
:1002e80080bf023c005444346f4f400f00000000b0
:1002f80080bf023c00544434d94f400f0000000036
:1003080080bf023c00544434634f400f000000009b
:100318000000000080bf023c00544434d34f400f1b
:100328000000000001004238ff004230f9ff40148d
:100338000000000021e8c0031400bf8f1000be8f2a
:0c0348001800bd270800e00300000000c2
:020000040000fa
:020000041d01dc
:10035400e8ffbd271400bfaf1000beaf21f0a0031b
:100364004c808427d646400f000000005480842728
:10037400d646400f0000000044808427d646400f34
:100384000000000064808427d646400f000000006f
:100394006c8082930400027c6c8082a36c808293c4
:1003a4004408027c6c8082a36c8082938410027c5b
:1003b4006c8082a36c808293c418027c6c8082a3bc
:1003c4006c8082930421027c6c8082a36e8080a75f
:1003d400708080a75c8082938410027c5c8082a3fe
:1003e4005c808293c418027c5c8082a35c808293cc
:1003f4000421027c5c8082a35e8080a7608080a749
:1004040021e8c0031400bf8f1000be8f1800bd2761
:080414000800e00300000000f5
:020000040000fa
:020000041d01dc
:10041c00e0ffbd271c00bfaf1800beaf21f0a0034a
:10042c002000c4af2400c5af2800c6af2000c28f87
:10043c001000c2af2000c38fffff02241f00621008
:10044c00000000002000c28f1c00401000000000c3
:10045c001000c28f050042901800401000000000f0
:10046c001000c28f2400c38f0c0043ac1000c28f4d
:10047c002800c38f100043ac1000c28f2400438ca3
:10048c00010002240d006214000000001000c28f55
:10049c002000428c2120400008000524304f400fe2
:1004ac00000000001000c28f2800428c21200000a8
:1004bc0021284000f84d400f0000000021e8c00347
:1004cc001c00bf8f1800be8f2000bd270800e00362
:0404dc00000000001c
:020000040000fa
:020000041d01dc
:1004e0004572726f7200000053696e7573000000f0
:1004f000547269616e676c650000000044656e743b
:1005000044655363696500004361727265000000d1
:1005100053617576656761726465203f0000000075
:10052000286170707569206c6f6e6729000000008b
:1005300053617576656761726465204f4b000000fa
:100540005361757665676172646520414e4e554c06
:10055000454500002563466f726d65203d20252dc1
:10056000313073002563467265715b487a5d3d20ca
:10057000252d3764200000002563416d706c5b6d94
:10058000565d3d20252d35642000000025634f6613
:100590006673657420203d20252d35642000000001
:020000040000fa
:020000041d01dc
:1005a000e8ffbd271400bfaf1000beaf21f0a003cd
:1005b000211080001800c2a31800c2930a0003246f
:1005c0000f004310000000000c000324060043103d
:1005d00000000000080003240f004310000000008a
:1005e0008c41400b00000000212000000100052488
:1005f000f641400f000000009241400b0000000057
:100600000100042402000524d145400f0000000031
:100610009241400b00000000212000001000052442
:10062000f641400f000000009241400b0000000026
:100630001800c2930100042421284000f641400f15
:10064000000000000000000021e8c0031400bf8f7c
:100650001000be8f1800bd270800e0030000000056
:020000040000fa
:020000041d01dc
:10066000e8ffbd271400bfaf1000beaf21f0a0030c
:1006700080bf023c00064434b74f400f000000002a
:1006800080bf023c00064434212800002b4f400f5d
:100690000000000080bf023c000644340300052433
:1006a000d842400f0000000080bf023c00064434e6
:1006b000ce4e400f0000000080bf023c00064434d4
:1006c000f44f400f0000000080bf023c000644349d
:1006d0000f270524f74f400f0000000021200000e5
:1006e0000400052403000624954a400f0000000082
:1006f000212000000400052421300000fc4a400fa6
:100700000000000021e8c0031400bf8f1000be8f5e
:0c0710001800bd270800e00300000000f6
:020000040000fa
:020000041d01dc
:10071c00e8ffbd271400bfaf1000beaf21f0a0034f
:10072c0080bf023c000a4434b74f400f0000000069
:10073c0080bf023c000a4434212800002b4f400f9c
:10074c000000000080bf023c000a44342128000055
:10075c00d842400f0000000080bf023c000a443425
:10076c00ce4e400f0000000080bf023c000a443413
:10077c00f44f400f0000000080bf023c000a4434dc
:10078c003f1f0524f74f400f000000002120000000
:10079c000c00052407000624954a400f00000000b9
:1007ac00212000000c00052421300000fc4a400fe1
:1007bc000000000021e8c0031400bf8f1000be8fa2
:0c07cc001800bd270800e003000000003a
:020000040000fa
:020000041d01dc
:1007d800e8ffbd271400bfaf1000beaf21f0a00393
:1007e800211880002110a0001800c3a31c00c2a378
:1007f80088bf033c206162940400027c206162a4eb
:1008080000000000ea2b400f000000002014027cca
:10081800fcff4004000000001800c29301004230b1
:10082800ff00443088bf033c206162940400827c4e
:10083800206162a488bf033c206162944408027c62
:10084800206162a41c00c29302110200ff00423022
:1008580021204000d23d400f000000001c00c29340
:100868000f004230ff00423021204000d23d400faf
:100878000000000021e8c0031400bf8f1000be8fe5
:0c0888001800bd270800e003000000007d
:020000040000fa
:020000041d01dc
:10089400d8ffbd272400bfaf2000beaf21f0a003c6
:1008a4002800c4af1c00c38f3412023caa55423442
:1008b4000c006214000000002800c28f1000c68fd4
:1008c4001400c58f1800c48f1c00c38f000046acf1
:1008d400040045ac080044ac0c0043ac4742400b58
:1008e400000000002800c28f01000324000043ac74
:1008f4002800c28fe8030324040043a42800c28f05
:1009040088130324060043a42800c28f080040a4cf
:100914002800c28f0c0040ac2800c48f8042400fd6
:10092400000000002800c48f8f11400f0000000059
:1009340021e8c0032400bf8f2000be8f2800bd27fc
:080944000800e00300000000c0
:020000040000fa
:020000041d01dc
:10094c00e0ffbd271c00bfaf1800beaf21f0a00315
:10095c002000c4af2400c5af1000c0af2000c28f70
:10096c001e004010000000002000c28f0000428cce
:10097c0018004010000000002000c28f0000428cc4
:10098c001000c2af7542400b000000001000c28f77
:10099c002400c38f080043ac1000c28f0c00428ca3
:1009ac0006004010000000001000c28f0c00428caa
:1009bc001000c48f09f84000000000001000c28f26
:1009cc001800428c1000c2af1000c28fefff401411
:1009dc00000000002000c28f000040ac21e8c003e2
:1009ec001c00bf8f1800be8f2000bd270800e0033d
:0409fc0000000000f7
:020000040000fa
:020000041d01dc
:100a0000e0ffbd271c00bfaf1800beaf21f0a00360
:100a10002000c4af1000c0a72000c28f0400428491
:100a2000212040000f4a400f00000000019d033cc0
:100a3000b0fb648c21284000022d400f0000000014
:100a400021184000019d023c21206000b4fb458c30
:100a5000d427400f0000000021184000019d023cf7
:100a600021206000b8fb458cd627400f0000000015
:100a7000212040005247400f000000001000c2a794
:100a80001000c29780bf033c000a64342128400054
:100a9000f74f400f0000000021e8c0031c00bf8f8b
:100aa0001800be8f2000bd270800e00300000000f2
:020000040000fa
:020000041d01dc
:100ab000e0ffbd271c00bfaf1800beaf21f0a003b0
:100ac000211880002110a0002000c3a32400c2a789
:100ad0002000c293300042242000c2a32400c29709
:100ae00002120200ffff42301000c2a32400c2978e
:100af0001100c2a388bf033cd06062940421027c31
:100b0000d06062a42000c293212040003748400feb
:100b1000000000001000c293212040003748400f21
:100b2000000000001100c293212040003748400f10
:100b30000000000088bf033cd060629401000424e0
:100b40000421827cd06062a421e8c0031c00bf8f16
:100b50001800be8f2000bd270800e0030000000041
:020000040000fa
:020000041d01dc
:100b600080bf023c000642240600821003000224db
:100b7000000082940431a27c000082a40800e003fb
:100b8000000000001300a2100400a32c0a0060144f
:100b9000060003241500a310070003241900a31462
:100ba00000000000000083940431437c000083a413
:100bb0000800e003000000001200a0140000000084
:100bc000000082940431027c000082a40800e0034b
:100bd0000000000000008294010003240431627cc4
:100be000000082a40800e0030000000000008294de
:100bf000020003240431627c000082a40800e003a8
:0c0c0000000000000800e00300000000fd
:020000040000fa
:020000041d01dc
:100c0c00e0ffbd271c00bfaf1800beaf21f0a00352
:100c1c002000c4af2400c5af2800c6af2000c28f8f
:100c2c008c0042241000c2af2000c28fa800438c5d
:100c3c001000c28f0c0043ac2000c28f18004394ec
:100c4c001000c28f040043a42000c28fa000438c6c
:100c5c00010002240e006214000000002000c28f6c
:100c6c00a800428c0a004010000000002000c28f37
:100c7c00a800428c2000c38fac00638c2400c48f6e
:100c8c002800c58f2130600009f8400000000000ea
:100c9c0021e8c0031c00bf8f1800be8f2000bd27a9
:080cac000800e0030000000055
:020000040000fa
:020000041d01dc
:100cb400200003240900052400008280feff435025
:100cc40001008424030045542d0003242f43400bca
:100cd4000100842419004310212880002b000324e0
:100ce4001a00431021480000019d083c85ee0825a8
:100cf4002118020100006390040063300c006010ae
:100d04002118000001008424d0ff462400008280c2
:100d140040380300c0180300212802010000a590f8
:100d24002118e3000400a530f6ffa0142118660082
:100d3400231003000800e0030a1069000100842462
:100d44000100a2803b43400b0100092401008424dc
:080d54003b43400b0100a280ab
:020000040000fa
:020000041d01dc
:100d5c0040380500423d0700ffffe924fe07212d26
:100d6c000c0020100000000002fce7240f80013c66
:100d7c00ffff21342428a100e03f013c2528a100dd
:100d8c000000c7ac25100400251805000800e0037e
:100d9c00000000001300e0140000000040480500b3
:100dac0025482401f6ff2011000000000080013cc2
:100dbc002440a1000100e724ffffe7242a4880001b
:100dcc00212084002128a5002128a9001000013c25
:100ddc002b08a100f8ff201400000000e2ff001017
:100dec002528a800f8ff053c00000724e4ff0010ac
:080dfc002520070000000000a3
:020000040000fa
:020000041d01dc
:100e0400f0ffbd270c00beaf21f0a00300a0023c00
:100e1400a00442240f00429001004238ff004230f7
:100e2400190040100000000000a0023ca00442246d
:100e340003000324040043ac00a0023ca0044224a9
:100e4400ffff0324180043ac00a0023ca00442248a
:100e5400ffff03241c0043ac00a0023ca004422476
:100e640001000324200043a000a0023ca00442246b
:100e740001000324210043a0010002240000c2a3b6
:100e8400a443400b000000000000c0a30000c29374
:100e940021e8c0030c00be8f1000bd270800e0034a
:040ea400000000004a
:020000040000fa
:020000041d01dc
:100ea800e0ffbd271c00bfaf1800beaf21f0a003b4
:100eb8002000c4af2118a0002110c0002c00c7af2b
:100ec8002400c3a32800c2a32000c48f3347400fc7
:100ed800000000001400c2af1400c28f05004014c7
:100ee8000000000084ff02241000c2afcc43400b76
:100ef800000000001400c28fb400428c2000428c15
:100f08001400c38f1c00648c3000c38fffff633054
:100f18002800c5932c00c68f2138600009f84000ce
:100f2800000000001000c2af1000c28f21e8c0030b
:100f38001c00bf8f1800be8f2000bd270800e003eb
:040f480000000000a5
:020000040000fa
:020000041d01dc
:100f4c00e0ffbd271c00bfaf1800beaf21f0a0030f
:100f5c002000c4af2400c5af2800c6af2000c48f4a
:100f6c003347400f000000001000c2af1000c28fca
:100f7c000300401400000000f443400b000000008c
:100f8c001000c28f2400c38fa80043ac1000c28f86
:100f9c002800c38fac0043ac1000c28fb400428c4d
:100fac000800428c1000c38f1c00648c1000c38f8f
:100fbc0021286000009d033c8c7a662409f84000cf
:100fcc000000000021e8c0031c00bf8f1800be8f7a
:0c0fdc002000bd270800e003000000001a
:020000040000fa
:020000041d01dc
:100fe8001800a010211000001200c0100300842c6b
:100ff8001200801000000000e0ffbd271c00bfaffa
:101008000000023c00004224100040101800b0af5d
:101018002120a0002128c0000000000c1400a6af69
:101028001400a68f2110c0001c00bf8f1800b08fbd
:101038002000bd270800e003000000000800e003ce
:101048002110c0000800e003000000002180c0005b
:101058000000a480ffff10260100a5241000a5af02
:10106800cd3f400f1400a6af1000a58ff8ff001663
:0c1078001400a68f0c44400b2110c00097
:020000040000fa
:020000041d01dc
:10108400e0ffbd271c00bfaf1800beaf21f0a003d6
:10109400211080002000c2a32000c2931800401039
:1010a400000000002000c2930500422c14004010f0
:1010b400000000002000c293010004242128400005
:1010c400d145400f000000001000c0a33d44400b78
:1010d400000000000100042420000524f641400f14
:1010e400000000001000c293010042241000c2a3bb
:1010f4001000c2931400422cf6ff401400000000bc
:1011040021e8c0031c00bf8f1800be8f2000bd273c
:081114000800e00300000000e8
:020000040000fa
:020000041d01dc
:10111c00f8ffbd270400beaf21f0a0030800c4af48
:10112c000c00c5af1000c6af0800c28f0400401001
:10113c000000000088ff02246844400b00000000ff
:10114c000c00c28f120040100000000000a0023cf6
:10115c000800c38f80190300d007422421106200bd
:10116c000c00c38f200043ac00a0033c0800c28fce
:10117c00d007632480110200211062001000c38f7d
:10118c00240043ac211000006844400b0000000018
:10119c0083ff022421e8c0030400be8f0800bd2792
:0811ac000800e0030000000050
:020000040000fa
:020000041d01dc
:1011b400e8ffbd271400bfaf1000beaf21f0a003ad
:1011c40088bf033cc06062940421027cc06062a4b6
:1011d40088bf033cc0606294444a027cc06062a43d
:1011e40088bf033cd0606294010004240421827c03
:1011f400d06062a488bf033cd0606294444a027cfd
:10120400d06062a4f40104241e3d400f00000000dd
:1012140088bf033cd060629401000424444a827c69
:10122400d06062a4b337400f0000000021e8c0037f
:101234001400bf8f1000be8f1800bd270800e00304
:0412440000000000a6
:020000040000fa
:020000041d01dc
:10124800e0ffbd271c00bfaf1800beaf21f0a00310
:101258002000c4af2110a0002800c6af2400c2a3fc
:101268002000c48f3347400f000000001400c2afb5
:101278001400c28f050040140000000083ff022400
:101288001000c2afb044400b000000001400c28f31
:10129800b400428c3800428c1400c38f1c00648c4c
:1012a8002400c393212860002800c68f09f8400055
:1012b800000000001000c2af1000c28f21e8c00378
:1012c8001c00bf8f1800be8f2000bd270800e00358
:0412d8000000000012
:020000040000fa
:020000041d01dc
:1012dc00e0ffbd271c00bfaf1800beaf21f0a0037c
:1012ec002000c4af2400c5af2800c6af2000c48fb7
:1012fc003347400f000000001000c2af1000c28f37
:10130c0004004014000000008bff0224d544400b65
:10131c00000000001000c28f8c0042241400c2afe9
:10132c001400c28f2400c38f080043ac1400c28f7a
:10133c00010040a02800c28fff0043301400c28f70
:10134c00020043a02110000021e8c0031c00bf8f45
:10135c001800be8f2000bd270800e003000000002d
:020000040000fa
:020000041d01dc
:10136c00e0ffbd271c00bfaf1800b1af1400b0af39
:10137c00218080000f0080142188a000f444400bd1
:10138c00211000005d34400f21202002212000029a
:10139c0021282002e547400f213040000e0040106c
:1013ac0001000426cf4d400f0000258204004010a0
:1013bc002180400000000282f2ff40140000000077
:1013cc00211000001c00bf8f1800b18f1400b08fcb
:1013dc000800e0032000bd27211000021c00bf8f75
:1013ec001800b18f1400b08f0800e0032000bd2757
:020000040000fa
:020000041d01dc
:1013fc00e8ffbd271400bfaf1000beaf21f0a00363
:10140c001800c4af1800c38fffff02241500621030
:10141c00000000001800c28f1200401000000000f5
:10142c001800c28f01000324030043a01800c28fd0
:10143c002000428c21204000010005246845400f0b
:10144c00000000001800c28f2000428c21204000b8
:10145c00df000524ff0006241aff07243a4f400f33
:10146c000000000021e8c0031400bf8f1000be8fe5
:0c147c001800bd270800e003000000007d
:020000040000fa
:020000041d01dc
:10148800e0ffbd271c00bfaf1800beaf21f0a003ce
:101498002000c4af2110a0002400c2a32000c48fe4
:1014a8003347400f000000001400c2af1400c28f81
:1014b800050040140000000084ff02241000c2afa1
:1014c8003e45400b000000001400c28fb400428c5f
:1014d8002400428c1400c38f1c00648c2400c39326
:1014e8002128600009f84000000000001000c2af89
:1014f8001000c28f21e8c0031c00bf8f1800be8fe8
:0c1508002000bd270800e00300000000e8
:020000040000fa
:020000041d01dc
:10151400e0ffbd271c00bfaf1800beaf21f0a00341
:101524002000c4af2110a0002400c2a32000c48f57
:101534003347400f000000001400c2af1400c28ff4
:10154400050040140000000083ff02241000c2af15
:101554006145400b000000001400c28fb400428caf
:101564004000428c1400c38f1c00648c2400c3937d
:101574002128600009f84000000000001000c2affc
:101584001000c28f21e8c0031c00bf8f1800be8f5b
:0c1594002000bd270800e003000000005c
:020000040000fa
:020000041d01dc
:1015a000100282900400027c100282a0100282903d
:1015b000c418027c100282a0300082908410027c49
:1015c000300082a0020002241200a21003000224b4
:1015d0000a00a210010002240300a2100000000073
:1015e0000800e00300000000100282900400a27cca
:1015f000100282a00800e00300000000300082908a
:10160000010003248410627c300082a00800e00303
:10161000000000001002829001000324c418627cc4
:0c162000100282a00800e003000000009f
:020000040000fa
:020000041d01dc
:10162c00c03a0500425504002538ea000080013c10
:10163c002538e1004050050042550a001e040624de
:10164c002330ca000c00c004000000002000c12c94
:10165c000200201400000000000007340200a10466
:10166c000638c70023380700251007000800e003e0
:10167c0000000000000000000200801000000000cc
:10168c000100a534f07f013c010021342b08a1009e
:10169c000300201400000000f4ff00100080023c46
:0c16ac00f2ff0010ffff0224000000000d
:020000040000fa
:020000041d01dc
:1016b8002118a000214880002140c0000700a10493
:1016c8002110e000234804002b20090023180500fe
:1016d800231864000080043c2618640007004104b5
:1016e80000000000234006002b20080023100700fc
:1016f800231044000080043c261044000b002811ed
:101708002a20430005008014000000000500621430
:101718002b40090103000011000000000800e0034d
:10172800010002240800e003ffff0224f5ff621411
:0c173800000000000800e0032110000089
:020000040000fa
:020000041d01dc
:10174400e0ffbd271c00bfaf1800beaf21f0a0030f
:10175400211880002110a0002000c3a32400c2a3ec
:101764002400c393019d023c2440422421106200c2
:10177400000042901000c2a32000c3931000c29343
:1017840021106200ff004230ffff42241000c2a378
:101794001000c39380ff022425106200ff00423032
:1017a4002120000021284000f641400f00000000e5
:1017b40021e8c0031c00bf8f1800be8f2000bd2786
:0817c4000800e0030000000032
:020000040000fa
:020000041d01dc
:1017cc00e0ffbd271c00bfaf1800beaf21f0a00387
:1017dc002000c4af2000c48f3347400f000000002e
:1017ec001000c2af1000c28f1100401000000000aa
:1017fc001000c28fb400428c1c00428c1000c38fae
:10180c001c00638c2120600009f8400000000000df
:10181c001000c38f000062948452027c000062a40a
:10182c001000c38f030062900410027c030062a0be
:10183c0021e8c0031c00bf8f1800be8f2000bd27fd
:08184c000800e00300000000a9
:020000040000fa
:020000041d01dc
:101854002118e003019d083cd0c608250000098d2d
:10186400180020110400082500000a8d0400082532
:1018740000000b8d090060110400082500000c9184
:10188400ffff4a250100082500002ca1fbff40159d
:10189400010029250500001000000000000020a11f
:1018a400ffff4a25fdff40150100292503000825f7
:1018b400fcff0a24244048010000098de7ff20159d
:1018c4000000000021f860000800e00300000000b0
:0418d4000000000010
:020000040000fa
:020000041d01dc
:1018d800e8ffbd271400bfaf1000beaf21f0a00382
:1018e8000000000080bf023c005444345a4e400fb0
:1018f8000000000001004238ff004230f9ff4014a8
:101908000000000080bf023c00544434774f400f71
:10191800000000000000000080bf023c0054443476
:10192800d64f400f0000000001004238ff0042304f
:10193800f9ff40140000000021e8c0031400bf8f25
:101948001000be8f1800bd270800e003000000004b
:020000040000fa
:020000041d01dc
:10195800f0ffbd270c00bfaf0800beaf21f0a00309
:101968001000c4af2110000000488240c0000000f1
:101978001000c48f21188000801003002118400037
:101988004011030023104300211044008018020076
:101998002110430080110200f1ff42240000c2af71
:1019a80000000000004803400000c28f2b106200b6
:1019b800fcff40140000000021e8c0030c00bf8faa
:1019c8000800be8f1000bd270800e00300000000db
:020000040000fa
:020000041d01dc
:1019d800e8ffbd271400bfaf1000beaf21f0a00381
:1019e8001800c4af1800c38fffff02241200621052
:1019f800000000001800c28f0f0040100000000017
:101a08001800c28f030040a01800c28f2000428c2b
:101a180021204000ff0005240050400f0000000076
:101a28001800c28f2000428c21204000212800008d
:101a38006845400f0000000021e8c0031400bf8f74
:101a48001000be8f1800bd270800e003000000004a
:020000040000fa
:020000041d01dc
:101a5800002a04000080013c2528a100c23d0400a2
:101a6800ff00e7309e0006242330c7000d00c01891
:101a7800000000002000c12803002014000000001e
:101a88000500001000000224020081040628c50099
:101a980023280500251005000800e00300000000c9
:101aa80000000000807f013c010021342b088100e8
:101ab8000300201400000000f7ff00100080023c23
:101ac800ff7f023cf4ff0010ffff423400000000db
:020000040000fa
:020000041d01dc
:101ad800e0ffbd271c00bfaf1800b1af1400b0afc6
:101ae80021300000e043073c21808000ae45400fd4
:101af8002188a000212000020e0040042128200295
:101b080021300000fb16400fe043073c2120400035
:101b1800473e400f212860000080043c25186400df
:101b28001c00bf8f1800b18f1400b08f0800e003ad
:101b38002000bd27473e400f000000001c00bf8f5b
:101b48001800b18f1400b08f0800e0032000bd27f3
:020000040000fa
:020000041d01dc
:101b5800f8ffbd270400beaf21f0a0030800c4af02
:101b68000800c28f000040ac0800c28f040040a0eb
:101b78000800c38f050062900400027c050062a083
:101b88000800c38f050062904408027c050062a02b
:101b98000800c38f05006290010004248410827c31
:101ba800050062a00800c38f0500629001000424ac
:101bb800c418827c050062a021e8c0030400be8f1f
:0c1bc8000800bd270800e003000000003a
:020000040000fa
:020000041d01dc
:101bd400f8ffbd270400beaf21f0a0030800c4af86
:101be4002110a0001000c6af1400c7af0c00c2a79c
:101bf4000800c28f0c0040ac0800c28f000040ac4b
:101c04000800c28f0c00c397040043a40800c28fcd
:101c14001800c38f100043ac0800c28f1000c38f9c
:101c2400080043ac0800c28f1400428c0100433406
:101c34000800c28f140043ac21e8c0030400be8f27
:0c1c44000800bd270800e00300000000bd
:020000040000fa
:020000041d01dc
:101c5000e0ffbd271c00bfaf1800beaf21f0a003fe
:101c60002000c4af2000c48f3347400f00000000a5
:101c70001000c2af1000c28f0e0040100000000024
:101c80001000c28fb400428c1800428c1000c38f29
:101c90001c00638c2120600009f840000000000057
:101ca0001000c38f03006290020004240410827ca1
:101cb000030062a021e8c0031c00bf8f1800be8f84
:0c1cc0002000bd270800e0030000000029
:020000040000fa
:020000041d01dc
:101ccc00f0ffbd270c00beaf21f0a0031000c4af85
:101cdc001000c38fffff02240400621000000000fc
:101cec001000c28f040040140000000021100000fe
:101cfc004d47400b000000001000c28f0000c2af27
:101d0c000000c28fa400429001004238ff00423014
:101d1c000400401000000000211000004d47400b53
:101d2c00000000000000c28f21e8c0030c00be8f31
:0c1d3c001000bd270800e00300000000bc
:020000040000fa
:020000041d01dc
:101d4800002a04000080013c2528a100c23d0400af
:101d5800ff00e7309e0006242330c7000d00c004b2
:101d6800000000002000c12803002014000000002b
:101d78000500001000000224020081040628c500a6
:101d880023280500251005000800e00300000000d6
:101d980000000000807f013c010021342b088100f5
:101da8000300201400000000f7ff00100080023c30
:0c1db800f5ff0010ffff022400000000f7
:020000040000fa
:020000041d01dc
:101dc400e8ffbd271400bfaf1000beaf21f0a00391
:101dd4001800c4af1c00c5af1c00c28f04004290a1
:101de4000f004010000000001c00c28f0000429051
:101df4001800c48f212840004545400f0000000012
:101e04001c00c28f000042901800c48f212840009b
:101e14002245400f000000001c00c28f040040a0b7
:101e240021e8c0031400bf8f1000be8f1800bd2727
:081e34000800e00300000000bb
:020000040000fa
:020000041d01dc
:101e3c000000052425480500253805002530040040
:101e4c000c00c010000000000600c10400000000df
:101e5c000080093c2b500500232805002330060088
:101e6c002330ca001e0407242040c8702338e80021
:101e7c0004300601c24205004055060025400a0107
:101e8c004050060002530a0025482a01005507005d
:101e9c0025482a0125100800251809000800e00330
:081eac0000000000000000002e
:020000040000fa
:020000041d01dc
:101eb400e0ffbd271c00bfaf1800beaf21f0a00398
:101ec4002000c4af00606241c000000000000000b8
:101ed4001000c2af212000002000c58f634e400fc8
:101ee400000000001400c2a3212000002000c58fc0
:101ef400024e400f000000001000c28f00608240bc
:101f0400c00000001400c29321e8c0031c00bf8f6e
:101f14001800be8f2000bd270800e0030000000069
:020000040000fa
:020000041d01dc
:101f2400f0ffbd270c00beaf21f0a0038880829390
:101f340001004238ff004230100040100000000051
:101f4400898082270400c2af0400c28f01000324e9
:101f5400000043a0010002240000c2af0000c38fb0
:101f6400010002240300621000000000e047400b5f
:101f74000000000001000224888082a321e8c0033d
:101f84000c00be8f1000bd270800e0030000000015
:020000040000fa
:020000041d01dc
:101f94001400c010ffffc824000083800000a78045
:101fa4000d006010211000000b006754ff00623028
:101fb4000100a6240b000211010084240000838088
:101fc4000a006010010042240000c780f8ff671077
:101fd4002128c000ff006230ff00e7300800e00362
:101fe400231047000800e003211000000100a7802f
:101ff40021100000ff00e7300800e0032310470031
:020000040000fa
:020000041d01dc
:10200400e8ffbd271400bfaf1000beaf21f0a0034e
:10201400211080001800c2a31800c2930d004010c4
:10202400000000002120000004000524ee4d400fb4
:10203400000000002120000004000524f84d400f9a
:102044000000000080bf023c00064434b34f400f40
:102054000000000021e8c0031400bf8f1000be8ff1
:0c2064001800bd270800e0030000000089
:020000040000fa
:020000041d01dc
:10207000e8ffbd271400bfaf1000beaf21f0a003e2
:10208000211080001800c2a31800c2930d00401058
:1020900000000000212000000c000524ee4d400f40
:1020a00000000000212000000c000524f84d400f26
:1020b0000000000080bf023c000a4434b34f400fd0
:1020c0000000000021e8c0031400bf8f1000be8f85
:0c20d0001800bd270800e003000000001d
:020000040000fa
:020000041d01dc
:1020dc00e0ffbd271c00bfaf1800beaf21f0a0036e
:1020ec00211080002000c2a32000c29380bf033cbb
:1020fc00005e643421284000f14f400f00000000c6
:10210c0080bf023c005e4434ee4f400f00000000e4
:10211c001000c2af1000c38f01000224f8ff621040
:10212c000000000021e8c0031c00bf8f1800be8f08
:0c213c002000bd270800e00300000000a8
:020000040000fa
:020000041d01dc
:10214800e8ffbd271400bfaf1000beaf21f0a00309
:102158001800c4af1800c38f0a00022408006214d4
:102168000000000021200000010005241800c68f8f
:10217800164e400f000000006748400b00000000aa
:1021880021200000212800001800c68f164e400f9d
:102198000000000021e8c0031400bf8f1000be8fac
:0c21a8001800bd270800e0030000000044
:020000040000fa
:020000041d01dc
:1021b400e8ffbd271400bfaf1000beaf21f0a0039d
:1021c4001800c4af1800c38f0a0002240800621468
:1021d4000000000021200000010005241800c68f23
:1021e4000c4e400f000000008248400b000000002d
:1021f40021200000212800001800c68f0c4e400f3b
:102204000000000021e8c0031400bf8f1000be8f3f
:0c2214001800bd270800e00300000000d7
:020000040000fa
:020000041d01dc
:10222000e8ffbd271400bfaf1000beaf21f0a00330
:102230001800c4af1800c38f0a00022408006214fb
:102240000000000021200000010005241800c68fb6
:10225000204e400f000000009d48400b0000000091
:1022600021200000212800001800c68f204e400fba
:102270000000000021e8c0031400bf8f1000be8fd3
:0c2280001800bd270800e003000000006b
:020000040000fa
:020000041d01dc
:10228c00c8ffbd273400bfaf3000beaf21f0a003a4
:10229c003c00c5af4000c6af4400c7af3800c4af68
:1022ac003c00c2272800c2af2800c28f1000c327f1
:1022bc00212060003800c58f21304000bf4a400ffc
:1022cc00000000001000c227212040009249400f5e
:1022dc000000000021e8c0033400bf8f3000be8f27
:0c22ec003800bd270800e00300000000df
:020000040000fa
:020000041d01dc
:1022f800f0ffbd270c00beaf21f0a0031000c4af53
:102308000000c0af1000c38fffff02240e00621050
:10231800000000001000c28f0b00401000000000f9
:102328001000c28f0000c2af0000c28f05004290ab
:1023380005004010000000000000c28f050040a00a
:102348000000c28f100040ac21e8c0030c00be8f13
:0c2358001000bd270800e003000000009a
:020000040000fa
:020000041d01dc
:10236400e8ffbd271400bfaf1000beaf21f0a003eb
:102374001800c4af2110a0001c00c2a71800c28f0f
:10238400020040a01800c28f030040a01800c28fb2
:10239400040040a01800c28f2000428c212040007d
:1023a40000ff052400ff062402ff07243a4f400fd4
:1023b4000000000021e8c0031400bf8f1000be8f8e
:0c23c4001800bd270800e0030000000026
:020000040000fa
:020000041d01dc
:1023d000e8ffbd271400bfaf1000beaf21f0a0037f
:1023e0001800c4af2110a0001c00c2a31800c38fa6
:1023f000ffff02240b006210000000001800c28fd3
:1024000008004010000000001800c28f2000438c1c
:102410001c00c29321206000212840004e4f400f35
:102420000000000021e8c0031400bf8f1000be8f21
:0c2430001800bd270800e00300000000b9
:020000040000fa
:020000041d01dc
:10243c00e0ffbd271c00bfaf1800beaf21f0a0030a
:10244c002000c4af1000c0a72000c38fffff0224e0
:10245c000b006210000000002000c28f080040102a
:10246c00000000002000c28f2000428c1400c2af7c
:10247c001400c48fb54e400f000000001000c2a71e
:10248c001000c29721e8c0031c00bf8f1800be8f3c
:0c249c002000bd270800e0030000000045
:020000040000fa
:020000041d01dc
:1024a800e0ffbd271c00bfaf1800beaf21f0a0039e
:1024b8001000c0a321200000ae4e400f0000000015
:1024c800010042302b1002001000c2a3212000009e
:1024d800e44d400f000000001000c29304004010bb
:1024e80000000000212000006c4e400f000000009a
:1024f80021e8c0031c00bf8f1800be8f2000bd2735
:082508000800e00300000000e0
:020000040000fa
:020000041d01dc
:10251000e0ffbd271c00bfaf1800beaf21f0a00335
:102520001000c0a321200000ae4e400f00000000ac
:10253000010042302b1002001000c2a32120000035
:10254000c24e400f000000001000c2930400401073
:1025500000000000212000006c4e400f0000000031
:1025600021e8c0031c00bf8f1800be8f2000bd27cc
:082570000800e0030000000078
:020000040000fa
:020000041d01dc
:10257800e8ffbd271400bfaf1000beaf21f0a003d5
:1025880000a0023c000242240800428c21204000a6
:10259800514e400f0000000000a0023c00024224ff
:1025a8000c00428c21204000ca2a400f0000000085
:1025b8000718400f00000000132e400f0000000015
:1025c80021e8c0031400bf8f1000be8f1800bd277c
:0825d8000800e0030000000010
:020000040000fa
:020000041d01dc
:1025e000f0ffbd270c00bfaf0800beaf21f0a00375
:1025f0001000c4af2110000000488240c00000005d
:102600001000c28fc0100200801802002110430089
:10261000f1ff42240000c2af000000000048034068
:102620000000c28f2b106200fcff4014000000006d
:1026300021e8c0030c00bf8f0800be8f1000bd272b
:082640000800e00300000000a7
:020000040000fa
:020000041d01dc
:10264800e8ffbd271400bfaf1000beaf21f0a00304
:102658001800c4afa249400b000000001800c28f48
:1026680000004280ff004230212040006841400fb6
:10267800000000001800c28f010042241800c2aff9
:102688001800c28f00004280f4ff401400000000d0
:1026980021e8c0031400bf8f1000be8f1800bd27ab
:0826a8000800e003000000003f
:020000040000fa
:020000041d01dc
:1026b000d0ffbd272c00bfaf2800b0af3800a22745
:1026c000218080003800a6af1000a42721304000f0
:1026d0003c00a7af2400a2afff7f02242000a2afde
:1026e0001400a0af1000b0af1800b0afc2000224b9
:1026f000900b400f1c00a2a71000a28f000040a06a
:102700001000a28f231050002c00bf8f2800b08f24
:082710000800e0033000bd27c2
:020000040000fa
:020000041d01dc
:10271800e0ffbd271c00bfaf1800b0af21808000cc
:10272800b64b400f2120a000019d043c6040868ce0
:102738006440878c212040000422400f212860003b
:10274800212000021000a2afb64b400f1400a3af27
:1027580021204000212860001000a68ffd16400fa0
:102768001400a78f1c00bf8f1800b08f0800e0036b
:042778002000bd2759
:020000040000fa
:020000041d01dc
:10277c00e8ffbd271400bfaf1000beaf21f0a003cf
:10278c001800c4af2a49400f0000000021200000af
:10279c0001000524c84e400f00000000212000005d
:1027ac002128000001000624f749400f000000001a
:1027bc004449400f0000000021e8c0031400bf8f03
:1027cc001000be8f1800bd270800e00300000000b9
:020000040000fa
:020000041d01dc
:1027dc000800a6af0800a28f0100032410004310cc
:1027ec0002000324100043100400032405004310ce
:1027fc000800032404004310030004240800e00331
:10280c00000000000200042481bf023c00f0438c55
:10281c00c4a4837c00f043ac0800e003000000007b
:10282c00054a400b21200000054a400b01000424fe
:020000040000fa
:020000041d01dc
:10283c000080013c120080102430810002008104d1
:10284c0000000000232004009e000524203887701f
:10285c002328a7000420e400800084248000882c16
:10286c002128a8000342040001000831232088001d
:10287c004020040042220400c045050025208800a9
:10288c00251086000800e003000000000000000096
:020000040000fa
:020000041d01dc
:10289c00e8ffbd271400bfaf1000beaf21f0a003ae
:1028ac001800c4af1800c38fffff02240900621088
:1028bc00000000001800c28f06004010000000004d
:1028cc001800c28f2000428c21204000444f400f42
:1028dc000000000021e8c0031400bf8f1000be8f61
:0c28ec001800bd270800e00300000000f9
:020000040000fa
:020000041d01dc
:1028f800e8ffbd271400bfaf1000beaf21f0a00352
:102908001800c4af1800c38fffff0224090062102b
:10291800000000001800c28f0600401000000000f0
:102928001800c28f2000428c21204000494f400fe0
:102938000000000021e8c0031400bf8f1000be8f04
:0c2948001800bd270800e003000000009c
:020000040000fa
:020000041d01dc
:10295400e8ffbd271400bfaf1000beaf21f0a003f5
:102964007d4c400f000000002120000003000524de
:10297400213000007e4e400f0000000021200000a6
:10298400fcff0524010006247e4e400f00000000d9
:1029940021e8c0031400bf8f1000be8f1800bd27ac
:0829a4000800e0030000000040
:020000040000fa
:020000041d01dc
:1029ac00e8ffbd271400bfaf1000beaf21f0a0039d
:1029bc001800c4af0a000224108082af1800c48f24
:1029cc0001000524c31d400f000000001800c48f37
:1029dc0001000524e407400f0000000021e8c003bb
:1029ec001400bf8f1000be8f1800bd270800e00335
:0429fc0000000000d7
:020000040000fa
:020000041d01dc
:102a0000e8ffbd271400bfaf1000beaf21f0a00348
:102a100088bf033c20606294010004240400827c8f
:102a2000206062a4973f400f0000000088bf033c75
:102a3000206062940400027c206062a421e8c0034c
:102a40001400bf8f1000be8f1800bd270800e003e0
:042a50000000000082
:020000040000fa
:020000041d01dc
:102a540082180500001903000300a43088bf023c5b
:102a64009010422421104300c02004000000478c31
:102a74000200842407000324041883002728030089
:102a84002428a700000045ac0000458c04308600d3
:102a94002418660025286500000045ac0800e00302
:042aa400000000002e
:020000040000fa
:020000041d01dc
:102aa8000000043ce8ffbd270000842403008010d8
:102ab8001400bfaf09f88000000000000000843057
:102ac8000000a530019d083c5835082509f800018b
:102ad800000000000000023c0000422403004010f7
:102ae8000000000009f8400000000000f9ff001095
:042af80000000000da
:020000040000fa
:020000041d01dc
:102afc00d0ffbd272c00bfaf2800b0af21808000d5
:102b0c001000a427ff7f02242000a2af1400a0af66
:102b1c001000b0af1800b0afc20002240000400f8c
:102b2c001c00a2a71000a28f000040a01000a28fd2
:102b3c00231050002c00bf8f2800b08f0800e0033a
:042b4c003000bd2771
:020000040000fa
:020000041d01dc
:102b5000f0ffbd270c00beaf21f0a0031000c4aff2
:102b60000000c0af1000c38fffff022406006210f8
:102b7000000000001000c28f0300401000000000a1
:102b8000020002240000c2af0000c28f21e8c0038f
:102b90000c00be8f1000bd270800e00300000000fd
:020000040000fa
:020000041d01dc
:102ba000e8ffbd271400bfaf1000beaf21f0a003a7
:102bb0001800c4af1c00c5af1800c28f030040143a
:102bc00000000000f64a400b000000001c00c48f0b
:102bd000614c400f0000000021e8c0031400bf8fcb
:102be0001000be8f1800bd270800e00300000000a1
:020000040000fa
:020000041d01dc
:102bf000821805000019030088bf023c901042248f
:102c0000211043000300a4300000478cc0200400c2
:102c10000300032404188300272803002428a700a6
:102c2000000045ac0000458c043086002418660086
:102c300025286500000045ac0800e0030000000006
:020000040000fa
:020000041d01dc
:102c40001b00a600f401c000121000004210020098
:102c500040180200020067241b00a300f40160007a
:102c6000121800001b00a700f401e0001228000069
:102c7000231866002330c5002b30c3000100c62c8a
:102c800023104600300082ac0800e0030000000082
:020000040000fa
:020000041d01dc
:102c9000f8ffbd270400bfaf0000beaf21f0a003c6
:102ca000006802407c00423082100200208082af27
:102cb00000700240248082af2080838f00a0023cfd
:102cc0008018030088014224211062000000428c19
:0c2cd000288082af354b400b0000000054
:020000040000fa
:020000041d01dc
:102cdc00e8ffbd271400bfaf1000beaf21f0a0036a
:102cec001800c4af1800c28f04004014000000008c
:102cfc0021100000444b400b00000000524c400fd0
:102d0c000000000021e8c0031400bf8f1000be8f2c
:0c2d1c001800bd270800e00300000000c4
:020000040000fa
:020000041d01dc
:102d28000029050021208500c002828c0800e014db
:102d3800080003240730c3001000a3932530c30004
:102d48002530c200c00286ac0800e0030000000085
:102d58000421027cc00282acc002828c0d00423485
:0c2d6800c00282ac0800e0030000000084
:020000040000fa
:020000041d01dc
:102d7400f8ffbd270400bfaf0000beaf21f0a003e1
:102d84002110000000488240c00000000000000044
:102d9400004802400500422cfdff401400000000e2
:102da40021e8c0030400bf8f0000be8f0800bd27c8
:082db4000800e003000000002c
:020000040000fa
:020000041d01dc
:102dbc000000828c0004427c0c00401000000000db
:102dcc001000828c200042300900401400000000ea
:102ddc002000828c1000828c20004230fcff4010be
:102dec00000000000800e003000000002000828cbe
:082dfc000800e00300000000e4
:020000040000fa
:020000041d01dc
:102e04000000023c00004224050040100000023c87
:102e14000000422403004010019d023c3f0000706a
:102e2400019d023c942e4224050040100000000045
:102e3400e8ffbd271400bfaf09f840000000000000
:082e4400914b400b000000005f
:020000040000fa
:020000041d01dc
:102e4c000000023c00004224070040100000023c3d
:102e5c000000422405004050019d023c3f000070e0
:102e6c000800e00300000000019d023c942e422467
:102e7c00030040100000000009f8400000000000b2
:082e8c000800e0030000000053
:020000040000fa
:020000041d01dc
:102e940000606041c000000099aa033c81bf023c6d
:102ea4005566632430f240ac30f243ac6655033cc3
:102eb400aa99633430f243ac81bf023c010003247d
:102ec40018f643ac81bf023c10f6428ca74b400b72
:102ed40000000000e8ffbd271400bfaf1000b0af32
:102ee4008f47400f21808000080001061400bf8f27
:102ef400019d043c6840868c6c40878c21204000f6
:102f0400fd16400f212860001400bf8f1000b08f01
:082f14000800e0031800bd27ce
:020000040000fa
:020000041d01dc
:102f1c00e8ffbd271400bfaf1000beaf21f0a00327
:102f2c00010004240148400f0000000001000224ad
:102f3c001c8082a30100022421e8c0031400bf8f6f
:102f4c001000be8f1800bd270800e0030000000031
:020000040000fa
:020000041d01dc
:102f5c00e8ffbd271400bfaf1000beaf21f0a003e7
:102f6c00010004241c48400f000000000100022452
:102f7c001d8082a30100022421e8c0031400bf8f2e
:102f8c001000be8f1800bd270800e00300000000f1
:020000040000fa
:020000041d01dc
:102f9c00533d0000463d0000413d00004f3d000008
:102fac00573d000054000000530000004300000097
:102fbc004400000021533d2573463d2564413d25c9
:102fcc00644f3d2564573d2564230d0a0000000025
:020000040000fa
:020000041d01dc
:102fdc00e0ffbd271c00bfaf1800beaf21f0a0035f
:102fec00010002241000c2a31000c2932120400053
:102ffc00973d400f0000000021e8c0031c00bf8f6c
:10300c001800be8f2000bd270800e0030000000060
:020000040000fa
:020000041d01dc
:10301c00f8ffbd270400beaf21f0a00321108000f3
:10302c000c00c5af0800c2a702000224408082af8a
:10303c003c8080af2110000021e8c0030400be8f4b
:0c304c000800bd270800e00300000000a1
:020000040000fa
:020000041d01dc
:10305800f8ffbd270400beaf21f0a0030800c4afed
:103068000800c28f0400428cc002427cff0042303c
:103078002b100200ff00423021e8c0030400be8f7d
:0c3088000800bd270800e0030000000065
:020000040000fa
:020000041d01dc
:10309400f8ffbd270400beaf21f0a0030800c4afb1
:1030a4000800c28f0400428c0002427cff004230c0
:1030b4002b100200ff00423021e8c0030400be8f41
:0c30c4000800bd270800e0030000000029
:020000040000fa
:020000041d01dc
:1030d000f8ffbd270400beaf21f0a0030800c4af75
:1030e0000800c28f0400428c4002427cff00423044
:1030f0002b100200ff00423021e8c0030400be8f05
:0c3100000800bd270800e00300000000ec
:020000040000fa
:020000041d01dc
:10310c005450342047656e536967203c3230323658
:10311c003e000000416c616e204261646572747304
:10312c006368657200000000446965676f20416c3c
:0c313c0065632053617661727900000029
:020000040000fa
:020000041d01dc
:10314800f0ffbd270c00bfaf0800beaf21f0a00301
:1031580000606241c0000000000000000000c2af33
:103168000000c28f21e8c0030c00bf8f0800be8f8b
:0c3178001000bd270800e003000000006c
:020000040000fa
:020000041d01dc
:10318400f8ffbd270400bfaf0000beaf21f0a003cd
:103194000800c4af0800c28f00608240c000000075
:1031a40021e8c0030400bf8f0000be8f0800bd27c4
:0831b4000800e0030000000028
:020000040000fa
:020000041d01dc
:1031bc001b00a600f401c000123000005f6b023c43
:1031cc006bca42341900a2001028000042300600dd
:1031dc00822d05002330c500feffc624400086acbe
:0831ec000800e00300000000f0
:020000040000fa
:020000041d01dc
:1031f400e8ffbd271400bfaf1000beaf21f0a0034d
:1032040021200000bc4e400f0000000021e8c00354
:103214001400bf8f1000be8f1800bd270800e00304
:0432240000000000a6
:020000040000fa
:020000041d01dc
:10322800f8ffbd270400beaf21f0a0036c80828f99
:103238000000427cff0042302b100200ff004230a9
:1032480021e8c0030400be8f0800bd270800e00382
:043258000000000072
:020000040000fa
:020000041d01dc
:10325c00f8ffbd270400beaf21f0a0036c80828f65
:10326c004000427cff0042302b100200ff00423035
:10327c0021e8c0030400be8f0800bd270800e0034e
:04328c00000000003e
:020000040000fa
:020000041d01dc
:10329000f8ffbd270400beaf21f0a0036c80828f31
:1032a0008000427cff0042302b100200ff004230c1
:1032b00021e8c0030400be8f0800bd270800e0031a
:0432c000000000000a
:020000040000fa
:020000041d01dc
:1032c400f8ffbd270400beaf21f0a0036c80828ffd
:1032d400c000427cff0042302b100200ff0042304d
:1032e40021e8c0030400be8f0800bd270800e003e6
:0432f40000000000d6
:020000040000fa
:020000041d01dc
:1032f800f8ffbd270400beaf21f0a0036c80828fc9
:103308000001427cff0042302b100200ff004230d7
:1033180021e8c0030400be8f0800bd270800e003b1
:0433280000000000a1
:020000040000fa
:020000041d01dc
:10332c00f8ffbd270400beaf21f0a0035c80828fa4
:10333c000001427cff0042302b100200ff004230a3
:10334c0021e8c0030400be8f0800bd270800e0037d
:04335c00000000006d
:020000040000fa
:020000041d01dc
:10336000f8ffbd270400beaf21f0a0035c80828f70
:103370008000427cff0042302b100200ff004230f0
:1033800021e8c0030400be8f0800bd270800e00349
:043390000000000039
:020000040000fa
:020000041d01dc
:10339400f8ffbd270400beaf21f0a0035c80828f3c
:1033a400c000427cff0042302b100200ff0042307c
:1033b40021e8c0030400be8f0800bd270800e00315
:0433c4000000000005
:020000040000fa
:020000041d01dc
:1033c800f8ffbd270400beaf21f0a0030800c4af7a
:1033d8000800c38f050062900400027c050062a00b
:1033e80021e8c0030400be8f0800bd270800e003e1
:0433f80000000000d1
:020000040000fa
:020000041d01dc
:1033fc00f8ffbd270400beaf21f0a0030800c4af46
:10340c000800c38f050062904408027c050062a08e
:10341c0021e8c0030400be8f0800bd270800e003ac
:04342c00000000009c
:020000040000fa
:020000041d01dc
:10343000f8ffbd270400beaf21f0a0030100022465
:10344000348082a3358080a308000224108082afdc
:1034500021e8c0030400be8f0800bd270800e00378
:043460000000000068
:020000040000fa
:020000041d01dc
:10346400f8ffbd270400beaf21f0a00388bf033cd2
:103474002061629401000424c418827c206162a447
:1034840021e8c0030400be8f0800bd270800e00344
:043494000000000034
:020000040000fa
:020000041d01dc
:10349800e8ffbd271400bfaf1000beaf21f0a003a6
:1034a80021200000084f400f0000000021e8c00361
:1034b8001400bf8f1000be8f1800bd270800e0035e
:0434c8000000000000
:020000040000fa
:020000041d01dc
:1034cc00f8ffbd270400beaf21f0a0036c808293ef
:1034dc000421027c6c8082a3708080a721e8c00349
:1034ec000400be8f0800bd270800e00300000000a8
:020000040000fa
:020000041d01dc
:1034fc00f8ffbd270400beaf21f0a00388bf033c3a
:10350c0020616294c418027c206162a421e8c0038b
:10351c000400be8f0800bd270800e0030000000077
:020000040000fa
:020000041d01dc
:10352c00f8ffbd270400beaf21f0a0030800c4af14
:10353c00c404023c00b4423421e8c0030400be8f32
:0c354c000800bd270800e003000000009c
:020000040000fa
:020000041d01dc
:10355800e8ffbd271400bfaf1000beaf21f0a003e5
:1035680021200000c239400f000000005e49400fd2
:0c357800000000005d4d400b0000000052
:020000040000fa
:020000041d01dc
:10358400f8ffbd270400beaf21f0a0036c80829336
:103594000400027c6c8082a321e8c0030400be8f77
:0c35a4000800bd270800e0030000000044
:020000040000fa
:020000041d01dc
:1035b000f8ffbd270400beaf21f0a0036c8082930a
:1035c0004408027c6c8082a321e8c0030400be8f03
:0c35d0000800bd270800e0030000000018
:020000040000fa
:020000041d01dc
:1035dc00f8ffbd270400beaf21f0a0036c808293de
:1035ec008410027c6c8082a321e8c0030400be8f8f
:0c35fc000800bd270800e00300000000ec
:020000040000fa
:020000041d01dc
:10360800f8ffbd270400beaf21f0a0036c808293b1
:10361800c418027c6c8082a321e8c0030400be8f1a
:0c3628000800bd270800e00300000000bf
:020000040000fa
:020000041d01dc
:10363400f8ffbd270400beaf21f0a0035c80829395
:103644008410027c5c8082a321e8c0030400be8f46
:0c3654000800bd270800e0030000000093
:020000040000fa
:020000041d01dc
:10366000f8ffbd270400beaf21f0a0035c80829369
:10367000c418027c5c8082a321e8c0030400be8fd2
:0c3680000800bd270800e0030000000067
:020000040000fa
:020000041d01dc
:10368c00f8ffbd270400beaf21f0a0030800c4afb3
:10369c000800c28f7c8082af21e8c0030400be8f7b
:0c36ac000800bd270800e003000000003b
:020000040000fa
:020000041d01dc
:1036b8000400a01430000224080082ac0800e003d3
:1036c8000000000020000224040082ac1000022444
:0c36d800080082ac0800e00300000000c5
:020000040000fa
:020000041d01dc
:1036e4000500a0140100022480000224080082ac1a
:1036f4000800e00300000000fdffa21400100224f3
:0c370400040082ac0800e003000000009c
:020000040000fa
:020000041d01dc
:103710000029050021208500c002828c100042345f
:10372000c00282acc002838cf2ff0224241062002b
:0c373000c00282ac0800e00300000000b2
:020000040000fa
:020000041d01dc
:10373c00d34d400b202c057c060040100100842446
:10374c0000008280fcff4514000000000800e0032c
:0c375c00211080000800e0032110000094
:020000040000fa
:020000041d01dc
:10376800f8ffbd270400beaf21f0a003c404023c4b
:1037780000b4423421e8c0030400be8f0800bd270e
:083788000800e003000000004e
:020000040000fa
:020000041d01dc
:1037900081bf023c30f240ac99aa033c55666324d9
:1037a00030f243ac6655033caa99633430f243ac23
:0837b0000800e0030000000026
:020000040000fa
:020000041d01dc
:1037b800421905000019030088bf023c301042245a
:1037c80021104300010003240428a300040045ac91
:0837d8000800e00300000000fe
:020000040000fa
:020000041d01dc
:1037e000421905000019030088bf023c6010422402
:1037f00021104300010003240428a300080045ac65
:083800000800e00300000000d5
:020000040000fa
:020000041d01dc
:10380800421905000019030088bf023c60104224d9
:1038180021104300010003240428a300040045ac40
:083828000800e00300000000ad
:020000040000fa
:020000041d01dc
:1038300080290500c0ffa52488bf023c686042249f
:1038400021104500010003240430c300000046acf1
:083850000800e0030000000085
:020000040000fa
:020000041d01dc
:1038580080290500c0ffa52488bf023c646042247b
:1038680021104500010003240430c300000046acc9
:083878000800e003000000005d
:020000040000fa
:020000041d01dc
:1038800080290500c0ffa52488bf023c6c6042244b
:1038900021104500010003240430c300000046aca1
:0838a0000800e0030000000035
:020000040000fa
:020000041d01dc
:1038a8000002888c0002838c0002828cc000047d98
:1038b8008000637c0019427c0000a4ac0000c3ac0b
:0838c8000800e0030000e2a08b
:020000040000fa
:020000041d01dc
:1038d000021e0500003ca27c900283a0800282a010
:1038e000300282904032a57c4438a27c300282a013
:0838f0000800e00300000000e5
:020000040000fa
:020000041d01dc
:1038f8000029050021208500c002828c08000324cd
:103908000730c3002718060024106200c00282acea
:083918000800e00300000000bc
:020000040000fa
:020000041d01dc
:10392000f8ffbd270400beaf21f0a0037c8080af6c
:1039300021e8c0030400be8f0800bd270800e00393
:043940000000000083
:020000040000fa
:020000041d01dc
:10394400f8ffbd270400beaf21f0a0030800c4aff8
:1039540021e8c0030400be8f0800bd270800e0036f
:04396400000000005f
:020000040000fa
:020000041d01dc
:103968000000838c1f0063300400601421100000e5
:103978001000828c004042388003427c0800e0033b
:04398800000000003b
:020000040000fa
:020000041d01dc
:10398c00421905000019030088bf023c6010422454
:10399c00211043000000428c0610a2000800e00336
:0439ac0001004230a4
:020000040000fa
:020000041d01dc
:1039b000f8ffbd270400bfaf0060024001004234a1
:1039c00000608240c00000000400bf8f0800e003d8
:0439d0000800bd2707
:020000040000fa
:020000041d01dc
:1039d4000000828c4000a37cc45a627c000082ac4c
:1039e4000000828c8452a27c000082ac0800e003b8
:0439f40000000000cf
:020000040000fa
:020000041d01dc
:1039f8000400c01081bf023c689045ac0800e00399
:103a080000000000649045ac0800e00300000000de
:020000040000fa
:020000041d01dc
:103a180080290500c0ffa52488bf023c60604224bd
:103a2800212845000000a6ac0800e00300000000c3
:020000040000fa
:020000041d01dc
:103a380080290500c0ffa52488bf023c44604224b9
:103a4800212845000000a6ac0800e00300000000a3
:020000040000fa
:020000041d01dc
:103a580080290500c0ffa52488bf023c7860422465
:103a6800212845000000a6ac0800e0030000000083
:020000040000fa
:020000041d01dc
:103a78001002828c02004234100282ac1002828c46
:103a88004408027c100282ac0800e0030000000039
:020000040000fa
:020000041d01dc
:103a98002c00a52400290500212085000000829023
:103aa8004408027c000082a00800e0030000000037
:020000040000fa
:020000041d01dc
:103ab800f8ffbd270400bfaf00606241c0000000ee
:0c3ac8000400bf8f0800e0030800bd27c9
:020000040000fa
:020000041d01dc
:103ad400400283905002828cff0063300700423022
:0c3ae400001202000800e003251043005f
:020000040000fa
:020000041d01dc
:103af00081bf023c00f2438cc418037c00f243ac4b
:083b00000800e00300000000d2
:020000040000fa
:020000041d01dc
:103b08003333033c3333632481bf023c30f243ac8c
:083b18000800e00300000000ba
:020000040000fa
:020000041d01dc
:103b200081bf023c00f0438c04d6a37c00f043ac80
:083b30000800e00300000000a2
:020000040000fa
:020000041d01dc
:103b38004002827c0200401408000224040082ac87
:083b48000800e003000000008a
:020000040000fa
:020000041d01dc
:103b50001000828c272805002410a200100082acdf
:083b60000800e0030000000072
:020000040000fa
:020000041d01dc
:103b680040008290010003240400627c400082a08f
:083b78000800e003000000005a
:020000040000fa
:020000041d01dc
:103b8000d001828c272805002410a200d00182ac2d
:083b90000800e0030000000042
:020000040000fa
:020000041d01dc
:103b9800a0028290010003240421627ca00282a07a
:083ba8000800e003000000002a
:020000040000fa
:020000041d01dc
:103bb000a0028290010003240421627ca00282a062
:083bc0000800e0030000000012
:020000040000fa
:020000041d01dc
:103bc8002c00a52400290500212085000000828cf6
:083bd8000800e0034000427cfc
:020000040000fa
:020000041d01dc
:103be00000601a40bfff1b3cffff7b3724d05b0304
:083bf00000609a401800004239
:020000040000fa
:020000041d01dc
:103bf800b49c009d40e9009d18c5009d0000000090
:043c0800241f019dd7
:020000040000fa
:020000041d01dc
:103c0c000000828c8431a27c000082ac0800e003ae
:043c1c0000000000a4
:020000040000fa
:020000041d01dc
:103c20000010032488bf023c081043ac0800e003e6
:043c30000000000090
:020000040000fa
:020000041d01dc
:103c34000000828c0410a27c000082ac0800e00327
:043c4400000000007c
:020000040000fa
:020000041d01dc
:103c48000000828c0429a27c000082ac0800e003fa
:043c58000000000068
:020000040000fa
:020000041d01dc
:103c5c000080033488bf023cc86143ac0800e00319
:043c6c000000000054
:020000040000fa
:020000041d01dc
:103c70000000828c444aa27c000082ac0800e00371
:043c80000000000040
:020000040000fa
:020000041d01dc
:103c84000000828c0442a27c000082ac0800e003a5
:043c9400000000002c
:020000040000fa
:020000041d01dc
:103c98000000828c8431a27c000082ac0800e00322
:043ca8000000000018
:020000040000fa
:020000041d01dc
:103cac00000082944408a27c000082a40800e00377
:043cbc000000000004
:020000040000fa
:020000041d01dc
:103cc0001000828c2528a200100085ac0800e003bb
:043cd00000000000f0
:020000040000fa
:020000041d01dc
:103cd400d001828c2528a200d00185ac0800e00325
:043ce40000000000dc
:020000040000fa
:020000041d01dc
:103ce800d00185acf00186ac100087ac0800e00379
:043cf80000000000c8
:020000040000fa
:020000041d01dc
:103cfc00100282904429027c100282a00800e0038a
:043d0c0000000000b3
:020000040000fa
:020000041d01dc
:103d10001002828c04004234100282ac0800e003de
:043d2000000000009f
:020000040000fa
:020000041d01dc
:103d24001002828c8410027c100282ac0800e00332
:043d3400000000008b
:020000040000fa
:020000041d01dc
:103d3800200282900430a27c200282a00800e003c6
:043d48000000000077
:020000040000fa
:020000041d01dc
:103d4c0040000224080082ac0800e00300000000e0
:020000040000fa
:020000041d01dc
:103d5c0000020224080082ac0800e003000000000e
:020000040000fa
:020000041d01dc
:103d6c0000800234080082ac0800e0030000000070
:020000040000fa
:020000041d01dc
:103d7c0000800234040082ac0800e0030000000064
:020000040000fa
:020000041d01dc
:103d8c0000040224140082ac0800e00300000000d0
:020000040000fa
:020000041d01dc
:103d9c0000100224080082ac0800e00300000000c0
:020000040000fa
:020000041d01dc
:103dac0001000224080082ac0800e00300000000bf
:020000040000fa
:020000041d01dc
:103dbc0002000224080082ac0800e00300000000ae
:020000040000fa
:020000041d01dc
:103dcc0008000224080082ac0800e0030000000098
:020000040000fa
:020000041d01dc
:103ddc0004000224080082ac0800e003000000008c
:020000040000fa
:020000041d01dc
:103dec001000828c010042300800e00301004238d0
:020000040000fa
:020000041d01dc
:103dfc001000828c004042380800e0038003427cb3
:020000040000fa
:020000041d01dc
:103e0c001000828c008042380800e003c003427c22
:020000040000fa
:020000041d01dc
:103e1c0080000224140082ac0800e00300000000c3
:020000040000fa
:020000041d01dc
:103e2c000000828c1f0042300800e0030100422c8d
:020000040000fa
:020000041d01dc
:103e3c0040000224140082ac0800e00300000000e3
:020000040000fa
:020000041d01dc
:103e4c0088bf023cd86145ac0800e00300000000cc
:020000040000fa
:020000041d01dc
:103e5c0088bf023ce86145ac0800e00300000000ac
:020000040000fa
:020000041d01dc
:103e6c0000800234080082ac0800e003000000006f
:020000040000fa
:020000041d01dc
:103e7c0000800234040082ac0800e0030000000063
:020000040000fa
:020000041d01dc
:103e8c0000200224040082ac0800e00300000000c3
:020000040000fa
:020000041d01dc
:103e9c0020000224080082ac0800e00300000000af
:020000040000fa
:020000041d01dc
:103eac000100023c080082ac0800e00300000000a6
:020000040000fa
:020000041d01dc
:103ebc000080023c040082ac0800e003000000001b
:020000040000fa
:020000041d01dc
:103ecc0000800234080082ac0800e003000000000f
:020000040000fa
:020000041d01dc
:103edc0000800234040082ac0800e0030000000003
:020000040000fa
:020000041d01dc
:103eec000000828c2410a2000800e0032b100200ba
:020000040000fa
:020000041d01dc
:103efc001000828c2410a2000800e0032b1002009a
:020000040000fa
:020000041d01dc
:103f0c00c001828c2410a2000800e0032b100200d8
:020000040000fa
:020000041d01dc
:103f1c00d001828c2410a2000800e0032b100200b8
:020000040000fa
:020000041d01dc
:103f2c0001000224a40282ac0800e003000000009f
:020000040000fa
:020000041d01dc
:103f3c0001000224a80282ac0800e003000000008b
:020000040000fa
:020000041d01dc
:0c3f4c001000828c0800e003c000427ce2
:020000040000fa
:020000041d01dc
:0c3f58001000828c0800e0030001427c95
:020000040000fa
:020000041d01dc
:0c3f64001000828c0800e0038002427c08
:020000040000fa
:020000041d01dc
:0c3f70001000828c0800e00301004230c9
:020000040000fa
:020000041d01dc
:0c3f7c00500085ac0800e00300000000cd
:020000040000fa
:020000041d01dc
:0c3f88001000828c0800e003c001427ca5
:020000040000fa
:020000041d01dc
:0c3f94001000828c0800e0034000427c1a
:020000040000fa
:020000041d01dc
:0c3fa0006000828c0800e003ff0042304b
:020000040000fa
:020000041d01dc
:0c3fac001000828c0800e0038001427cc1
:020000040000fa
:020000041d01dc
:0c3fb8001000828c0800e003c002427c74
:020000040000fa
:020000041d01dc
:0c3fc400200085ac0800e00300000000b5
:020000040000fa
:020000041d01dc
:0c3fd000100080ac0800e00300000000be
:020000040000fa
:020000041d01dc
:0c3fdc00200085ac0800e003000000009d
:020000040000fa
:020000041d01dc
:0c3fe800000085ac0800e00300000000b1
:020000040000fa
:020000041d01dc
:0c3ff4002000828c0800e003c000427c2a
:020000040000fa
:020000041d01dc
:0c400000c00185ac0800e00300000000d7
:020000040000fa
:020000041d01dc
:0c400c00e00185ac0800e00300000000ab
:020000040000fa
:020000041d01dc
:0c401800e001828c0800e00300000000c2
:020000040000fa
:020000041d01dc
:084024000000401454000000ec
:020000040000fa
:020000041d01dc
:08402c000800e003010002247a
:020000040000fa
:020000041d01dc
:084034000800e0030100022472
:020000040000fa
:020000041d01dc
:08403c000800e003010002246a
:020000040000fa
:020000041d01dc
:084044000800e0030100022462
:020000040000fa
:020000041d01dc
:08404c000800e0030000000081
:020000040000fa
:020000041d01dc
:084054000800e0030000000079
:020000040000fa
:020000041d01dc
:10406000000000000000f041000000000000f041ee
:00000001FF
